"","ID","DateTime","Date","Time","names","NPQ","Pulse"
"1"," 9-6-2021 22:50:15 ",2021-06-09 22:50:15," 9-6-2021","22:50:15 ","NPQ_1",0.903212819067558,120
"2"," 9-6-2021 22:50:15 ",2021-06-09 22:50:15," 9-6-2021","22:50:15 ","NPQ_2",0.601355013550136,300
"3"," 9-6-2021 22:50:15 ",2021-06-09 22:50:15," 9-6-2021","22:50:15 ","NPQ_3",0.483741368487131,420
"4"," 9-6-2021 22:50:15 ",2021-06-09 22:50:15," 9-6-2021","22:50:15 ","NPQ_4",0.336424290399186,600
"5"," 9-6-2021 22:50:15 ",2021-06-09 22:50:15," 9-6-2021","22:50:15 ","NPQ_5",0.228099345318508,1200
"6"," 9-6-2021 22:50:15 ",2021-06-09 22:50:15," 9-6-2021","22:50:15 ","NPQ_6",0.186010336695268,1800
"7"," 9-6-2021 22:50:15 ",2021-06-09 22:50:15," 9-6-2021","22:50:15 ","NPQ_7",0.166979362101313,2400
"8"," 9-6-2021 23:02:47 ",2021-06-09 23:02:47," 9-6-2021","23:02:47 ","NPQ_1",0.876093926002946,120
"9"," 9-6-2021 23:02:47 ",2021-06-09 23:02:47," 9-6-2021","23:02:47 ","NPQ_2",0.58948759359859,300
"10"," 9-6-2021 23:02:47 ",2021-06-09 23:02:47," 9-6-2021","23:02:47 ","NPQ_3",0.483216879024524,420
"11"," 9-6-2021 23:02:47 ",2021-06-09 23:02:47," 9-6-2021","23:02:47 ","NPQ_4",0.342676423167555,600
"12"," 9-6-2021 23:02:47 ",2021-06-09 23:02:47," 9-6-2021","23:02:47 ","NPQ_5",0.213065157711917,1200
"13"," 9-6-2021 23:02:47 ",2021-06-09 23:02:47," 9-6-2021","23:02:47 ","NPQ_6",0.13646861221919,1800
"14"," 9-6-2021 23:02:47 ",2021-06-09 23:02:47," 9-6-2021","23:02:47 ","NPQ_7",0.113671432980146,2400
"15"," 9-6-2021 23:26:03 ",2021-06-09 23:26:03," 9-6-2021","23:26:03 ","NPQ_1",0.856314539731625,120
"16"," 9-6-2021 23:26:03 ",2021-06-09 23:26:03," 9-6-2021","23:26:03 ","NPQ_2",0.550195988010145,300
"17"," 9-6-2021 23:26:03 ",2021-06-09 23:26:03," 9-6-2021","23:26:03 ","NPQ_3",0.466666666666667,420
"18"," 9-6-2021 23:26:03 ",2021-06-09 23:26:03," 9-6-2021","23:26:03 ","NPQ_4",0.339336228535001,600
"19"," 9-6-2021 23:26:03 ",2021-06-09 23:26:03," 9-6-2021","23:26:03 ","NPQ_5",0.238295207573581,1200
"20"," 9-6-2021 23:26:03 ",2021-06-09 23:26:03," 9-6-2021","23:26:03 ","NPQ_6",0.207948542886917,1800
"21"," 9-6-2021 23:26:03 ",2021-06-09 23:26:03," 9-6-2021","23:26:03 ","NPQ_7",0.187131405162976,2400
"22"," 9-6-2021 23:38:26 ",2021-06-09 23:38:26," 9-6-2021","23:38:26 ","NPQ_1",0.901108726752504,120
"23"," 9-6-2021 23:38:26 ",2021-06-09 23:38:26," 9-6-2021","23:38:26 ","NPQ_2",0.595048762190548,300
"24"," 9-6-2021 23:38:26 ",2021-06-09 23:38:26," 9-6-2021","23:38:26 ","NPQ_3",0.49311797752809,420
"25"," 9-6-2021 23:38:26 ",2021-06-09 23:38:26," 9-6-2021","23:38:26 ","NPQ_4",0.391492146596859,600
"26"," 9-6-2021 23:38:26 ",2021-06-09 23:38:26," 9-6-2021","23:38:26 ","NPQ_5",0.287357713732139,1200
"27"," 9-6-2021 23:38:26 ",2021-06-09 23:38:26," 9-6-2021","23:38:26 ","NPQ_6",0.189083384598177,1800
"28"," 9-6-2021 23:38:26 ",2021-06-09 23:38:26," 9-6-2021","23:38:26 ","NPQ_7",0.121768492138863,2400
"29"," 9-6-2021 23:51:03 ",2021-06-09 23:51:03," 9-6-2021","23:51:03 ","NPQ_1",0.819515079834418,120
"30"," 9-6-2021 23:51:03 ",2021-06-09 23:51:03," 9-6-2021","23:51:03 ","NPQ_2",0.468079015173204,300
"31"," 9-6-2021 23:51:03 ",2021-06-09 23:51:03," 9-6-2021","23:51:03 ","NPQ_3",0.297789775603172,420
"32"," 9-6-2021 23:51:03 ",2021-06-09 23:51:03," 9-6-2021","23:51:03 ","NPQ_4",0.215934239645906,600
"33"," 9-6-2021 23:51:03 ",2021-06-09 23:51:03," 9-6-2021","23:51:03 ","NPQ_5",0.170687162316414,1200
"34"," 9-6-2021 23:51:03 ",2021-06-09 23:51:03," 9-6-2021","23:51:03 ","NPQ_6",0.147203579418345,1800
"35"," 9-6-2021 23:51:03 ",2021-06-09 23:51:03," 9-6-2021","23:51:03 ","NPQ_7",0.137112868652524,2400
"36"," 11-6-2021 22:16:57 ",2021-06-11 22:16:57," 11-6-2021","22:16:57 ","NPQ_1",0.882082496924173,120
"37"," 11-6-2021 22:16:57 ",2021-06-11 22:16:57," 11-6-2021","22:16:57 ","NPQ_2",0.507598941853831,300
"38"," 11-6-2021 22:16:57 ",2021-06-11 22:16:57," 11-6-2021","22:16:57 ","NPQ_3",0.421340896865372,420
"39"," 11-6-2021 22:16:57 ",2021-06-11 22:16:57," 11-6-2021","22:16:57 ","NPQ_4",0.310828485094484,600
"40"," 11-6-2021 22:16:57 ",2021-06-11 22:16:57," 11-6-2021","22:16:57 ","NPQ_5",0.229744023693675,1200
"41"," 11-6-2021 22:16:57 ",2021-06-11 22:16:57," 11-6-2021","22:16:57 ","NPQ_6",0.200041288191577,1800
"42"," 11-6-2021 22:16:57 ",2021-06-11 22:16:57," 11-6-2021","22:16:57 ","NPQ_7",0.190407929226737,2400
"43"," 11-6-2021 22:31:34 ",2021-06-11 22:31:34," 11-6-2021","22:31:34 ","NPQ_1",1.18872104733132,120
"44"," 11-6-2021 22:31:34 ",2021-06-11 22:31:34," 11-6-2021","22:31:34 ","NPQ_2",0.879128480027667,300
"45"," 11-6-2021 22:31:34 ",2021-06-11 22:31:34," 11-6-2021","22:31:34 ","NPQ_3",0.801558355437666,420
"46"," 11-6-2021 22:31:34 ",2021-06-11 22:31:34," 11-6-2021","22:31:34 ","NPQ_4",0.738163787587972,600
"47"," 11-6-2021 22:31:34 ",2021-06-11 22:31:34," 11-6-2021","22:31:34 ","NPQ_5",0.64154078549849,1200
"48"," 11-6-2021 22:31:34 ",2021-06-11 22:31:34," 11-6-2021","22:31:34 ","NPQ_6",0.55487194162255,1800
"49"," 11-6-2021 22:31:34 ",2021-06-11 22:31:34," 11-6-2021","22:31:34 ","NPQ_7",0.517949434278531,2400
"50"," 11-6-2021 22:50:06 ",2021-06-11 22:50:06," 11-6-2021","22:50:06 ","NPQ_1",1.24373601789709,120
"51"," 11-6-2021 22:50:06 ",2021-06-11 22:50:06," 11-6-2021","22:50:06 ","NPQ_2",0.747908678982224,300
"52"," 11-6-2021 22:50:06 ",2021-06-11 22:50:06," 11-6-2021","22:50:06 ","NPQ_3",0.534736036725325,420
"53"," 11-6-2021 22:50:06 ",2021-06-11 22:50:06," 11-6-2021","22:50:06 ","NPQ_4",0.371086807928913,600
"54"," 11-6-2021 22:50:06 ",2021-06-11 22:50:06," 11-6-2021","22:50:06 ","NPQ_5",0.266990904497221,1200
"55"," 11-6-2021 22:50:06 ",2021-06-11 22:50:06," 11-6-2021","22:50:06 ","NPQ_6",0.226625084082431,1800
"56"," 11-6-2021 22:50:06 ",2021-06-11 22:50:06," 11-6-2021","22:50:06 ","NPQ_7",0.216950797791664,2400
"57"," 11-6-2021 23:06:14 ",2021-06-11 23:06:14," 11-6-2021","23:06:14 ","NPQ_1",1.15106587003024,120
"58"," 11-6-2021 23:06:14 ",2021-06-11 23:06:14," 11-6-2021","23:06:14 ","NPQ_2",0.528086355061832,300
"59"," 11-6-2021 23:06:14 ",2021-06-11 23:06:14," 11-6-2021","23:06:14 ","NPQ_3",0.430631868131868,420
"60"," 11-6-2021 23:06:14 ",2021-06-11 23:06:14," 11-6-2021","23:06:14 ","NPQ_4",0.392845202273487,600
"61"," 11-6-2021 23:06:14 ",2021-06-11 23:06:14," 11-6-2021","23:06:14 ","NPQ_5",0.340781609195402,1200
"62"," 11-6-2021 23:06:14 ",2021-06-11 23:06:14," 11-6-2021","23:06:14 ","NPQ_6",0.288757291850804,1800
"63"," 11-6-2021 23:06:14 ",2021-06-11 23:06:14," 11-6-2021","23:06:14 ","NPQ_7",0.237250742469241,2400
"64"," 11-6-2021 23:21:12 ",2021-06-11 23:21:12," 11-6-2021","23:21:12 ","NPQ_1",0.947659753363229,120
"65"," 11-6-2021 23:21:12 ",2021-06-11 23:21:12," 11-6-2021","23:21:12 ","NPQ_2",0.4973604826546,300
"66"," 11-6-2021 23:21:12 ",2021-06-11 23:21:12," 11-6-2021","23:21:12 ","NPQ_3",0.406232609905398,420
"67"," 11-6-2021 23:21:12 ",2021-06-11 23:21:12," 11-6-2021","23:21:12 ","NPQ_4",0.327649615513206,600
"68"," 11-6-2021 23:21:12 ",2021-06-11 23:21:12," 11-6-2021","23:21:12 ","NPQ_5",0.249977515963666,1200
"69"," 11-6-2021 23:21:12 ",2021-06-11 23:21:12," 11-6-2021","23:21:12 ","NPQ_6",0.197475552492138,1800
"70"," 11-6-2021 23:21:12 ",2021-06-11 23:21:12," 11-6-2021","23:21:12 ","NPQ_7",0.184211647424701,2400
"71"," 11-6-2021 23:35:42 ",2021-06-11 23:35:42," 11-6-2021","23:35:42 ","NPQ_1",0.828711552434003,120
"72"," 11-6-2021 23:35:42 ",2021-06-11 23:35:42," 11-6-2021","23:35:42 ","NPQ_2",0.479306460302689,300
"73"," 11-6-2021 23:35:42 ",2021-06-11 23:35:42," 11-6-2021","23:35:42 ","NPQ_3",0.401206216655068,420
"74"," 11-6-2021 23:35:42 ",2021-06-11 23:35:42," 11-6-2021","23:35:42 ","NPQ_4",0.295709995709996,600
"75"," 11-6-2021 23:35:42 ",2021-06-11 23:35:42," 11-6-2021","23:35:42 ","NPQ_5",0.212777063925474,1200
"76"," 11-6-2021 23:35:42 ",2021-06-11 23:35:42," 11-6-2021","23:35:42 ","NPQ_6",0.178929700612826,1800
"77"," 11-6-2021 23:35:42 ",2021-06-11 23:35:42," 11-6-2021","23:35:42 ","NPQ_7",0.167130381018626,2400
"78"," 11-6-2021 23:49:56 ",2021-06-11 23:49:56," 11-6-2021","23:49:56 ","NPQ_1",0.755301440254759,120
"79"," 11-6-2021 23:49:56 ",2021-06-11 23:49:56," 11-6-2021","23:49:56 ","NPQ_2",0.429084909551588,300
"80"," 11-6-2021 23:49:56 ",2021-06-11 23:49:56," 11-6-2021","23:49:56 ","NPQ_3",0.275198485724801,420
"81"," 11-6-2021 23:49:56 ",2021-06-11 23:49:56," 11-6-2021","23:49:56 ","NPQ_4",0.161987351475661,600
"82"," 11-6-2021 23:49:56 ",2021-06-11 23:49:56," 11-6-2021","23:49:56 ","NPQ_5",0.123500254782971,1200
"83"," 11-6-2021 23:49:56 ",2021-06-11 23:49:56," 11-6-2021","23:49:56 ","NPQ_6",0.111757964703186,1800
"84"," 11-6-2021 23:49:56 ",2021-06-11 23:49:56," 11-6-2021","23:49:56 ","NPQ_7",0.103512603512604,2400
"85"," 12-6-2021 0:03:14 ",2021-06-12 00:03:14," 12-6-2021","0:03:14 ","NPQ_1",0.746241248708826,120
"86"," 12-6-2021 0:03:14 ",2021-06-12 00:03:14," 12-6-2021","0:03:14 ","NPQ_2",0.40541289488269,300
"87"," 12-6-2021 0:03:14 ",2021-06-12 00:03:14," 12-6-2021","0:03:14 ","NPQ_3",0.301818181818182,420
"88"," 12-6-2021 0:03:14 ",2021-06-12 00:03:14," 12-6-2021","0:03:14 ","NPQ_4",0.195395977372722,600
"89"," 12-6-2021 0:03:14 ",2021-06-12 00:03:14," 12-6-2021","0:03:14 ","NPQ_5",0.130428322003046,1200
"90"," 12-6-2021 0:03:14 ",2021-06-12 00:03:14," 12-6-2021","0:03:14 ","NPQ_6",0.110300288247528,1800
"91"," 12-6-2021 0:03:14 ",2021-06-12 00:03:14," 12-6-2021","0:03:14 ","NPQ_7",0.101179706159079,2400
"92"," 12-6-2021 0:16:24 ",2021-06-12 00:16:24," 12-6-2021","0:16:24 ","NPQ_1",0.97462792345854,120
"93"," 12-6-2021 0:16:24 ",2021-06-12 00:16:24," 12-6-2021","0:16:24 ","NPQ_2",0.632411530349192,300
"94"," 12-6-2021 0:16:24 ",2021-06-12 00:16:24," 12-6-2021","0:16:24 ","NPQ_3",0.516794599597147,420
"95"," 12-6-2021 0:16:24 ",2021-06-12 00:16:24," 12-6-2021","0:16:24 ","NPQ_4",0.400311604764537,600
"96"," 12-6-2021 0:16:24 ",2021-06-12 00:16:24," 12-6-2021","0:16:24 ","NPQ_5",0.314431287446337,1200
"97"," 12-6-2021 0:16:24 ",2021-06-12 00:16:24," 12-6-2021","0:16:24 ","NPQ_6",0.277194590877836,1800
"98"," 12-6-2021 0:16:24 ",2021-06-12 00:16:24," 12-6-2021","0:16:24 ","NPQ_7",0.271540708287696,2400
"99"," 12-6-2021 0:29:31 ",2021-06-12 00:29:31," 12-6-2021","0:29:31 ","NPQ_1",0.478433569282477,120
"100"," 12-6-2021 0:29:31 ",2021-06-12 00:29:31," 12-6-2021","0:29:31 ","NPQ_2",0.336832895888014,300
"101"," 12-6-2021 0:29:31 ",2021-06-12 00:29:31," 12-6-2021","0:29:31 ","NPQ_3",0.31515288788222,420
"102"," 12-6-2021 0:29:31 ",2021-06-12 00:29:31," 12-6-2021","0:29:31 ","NPQ_4",0.288592987128273,600
"103"," 12-6-2021 0:29:31 ",2021-06-12 00:29:31," 12-6-2021","0:29:31 ","NPQ_5",0.238513715285184,1200
"104"," 12-6-2021 0:29:31 ",2021-06-12 00:29:31," 12-6-2021","0:29:31 ","NPQ_6",0.193848178304137,1800
"105"," 12-6-2021 0:29:31 ",2021-06-12 00:29:31," 12-6-2021","0:29:31 ","NPQ_7",0.171921043071085,2400
"106"," 12-6-2021 0:44:13 ",2021-06-12 00:44:13," 12-6-2021","0:44:13 ","NPQ_1",0.72422571064913,120
"107"," 12-6-2021 0:44:13 ",2021-06-12 00:44:13," 12-6-2021","0:44:13 ","NPQ_2",0.344137588887051,300
"108"," 12-6-2021 0:44:13 ",2021-06-12 00:44:13," 12-6-2021","0:44:13 ","NPQ_3",0.18769635420472,420
"109"," 12-6-2021 0:44:13 ",2021-06-12 00:44:13," 12-6-2021","0:44:13 ","NPQ_4",0.070671145359942,600
"110"," 12-6-2021 0:44:13 ",2021-06-12 00:44:13," 12-6-2021","0:44:13 ","NPQ_5",0.0352162007259759,1200
"111"," 12-6-2021 0:44:13 ",2021-06-12 00:44:13," 12-6-2021","0:44:13 ","NPQ_6",0.0288607594936709,1800
"112"," 12-6-2021 0:44:13 ",2021-06-12 00:44:13," 12-6-2021","0:44:13 ","NPQ_7",0.0288607594936709,2400
"113"," 13-6-2021 23:00:40 ",2021-06-13 23:00:40," 13-6-2021","23:00:40 ","NPQ_1",1.1686121919585,120
"114"," 13-6-2021 23:00:40 ",2021-06-13 23:00:40," 13-6-2021","23:00:40 ","NPQ_2",0.361933206625034,300
"115"," 13-6-2021 23:00:40 ",2021-06-13 23:00:40," 13-6-2021","23:00:40 ","NPQ_3",0.341637690573536,420
"116"," 13-6-2021 23:00:40 ",2021-06-13 23:00:40," 13-6-2021","23:00:40 ","NPQ_4",0.326783555018138,600
"117"," 13-6-2021 23:00:40 ",2021-06-13 23:00:40," 13-6-2021","23:00:40 ","NPQ_5",0.305909919291851,1200
"118"," 13-6-2021 23:00:40 ",2021-06-13 23:00:40," 13-6-2021","23:00:40 ","NPQ_6",0.28879753340185,1800
"119"," 13-6-2021 23:00:40 ",2021-06-13 23:00:40," 13-6-2021","23:00:40 ","NPQ_7",0.284178187403994,2400
"120"," 13-6-2021 23:12:16 ",2021-06-13 23:12:16," 13-6-2021","23:12:16 ","NPQ_1",0.654949427955563,120
"121"," 13-6-2021 23:12:16 ",2021-06-13 23:12:16," 13-6-2021","23:12:16 ","NPQ_2",0.414741318214033,300
"122"," 13-6-2021 23:12:16 ",2021-06-13 23:12:16," 13-6-2021","23:12:16 ","NPQ_3",0.346509274873524,420
"123"," 13-6-2021 23:12:16 ",2021-06-13 23:12:16," 13-6-2021","23:12:16 ","NPQ_4",0.268636796949476,600
"124"," 13-6-2021 23:12:16 ",2021-06-13 23:12:16," 13-6-2021","23:12:16 ","NPQ_5",0.171753932848086,1200
"125"," 13-6-2021 23:12:16 ",2021-06-13 23:12:16," 13-6-2021","23:12:16 ","NPQ_6",0.0944678984593454,1800
"126"," 13-6-2021 23:12:16 ",2021-06-13 23:12:16," 13-6-2021","23:12:16 ","NPQ_7",0.0550182337085778,2400
"127"," 13-6-2021 23:23:42 ",2021-06-13 23:23:42," 13-6-2021","23:23:42 ","NPQ_1",0.832567849686848,120
"128"," 13-6-2021 23:23:42 ",2021-06-13 23:23:42," 13-6-2021","23:23:42 ","NPQ_2",0.58820336529763,300
"129"," 13-6-2021 23:23:42 ",2021-06-13 23:23:42," 13-6-2021","23:23:42 ","NPQ_3",0.428555929261148,420
"130"," 13-6-2021 23:23:42 ",2021-06-13 23:23:42," 13-6-2021","23:23:42 ","NPQ_4",0.279591836734694,600
"131"," 13-6-2021 23:23:42 ",2021-06-13 23:23:42," 13-6-2021","23:23:42 ","NPQ_5",0.205382890099327,1200
"132"," 13-6-2021 23:23:42 ",2021-06-13 23:23:42," 13-6-2021","23:23:42 ","NPQ_6",0.185949110560685,1800
"133"," 13-6-2021 23:23:42 ",2021-06-13 23:23:42," 13-6-2021","23:23:42 ","NPQ_7",0.17730686695279,2400
"134"," 13-6-2021 23:35:36 ",2021-06-13 23:35:36," 13-6-2021","23:35:36 ","NPQ_1",0.848818697064255,120
"135"," 13-6-2021 23:35:36 ",2021-06-13 23:35:36," 13-6-2021","23:35:36 ","NPQ_2",0.53437978965171,300
"136"," 13-6-2021 23:35:36 ",2021-06-13 23:35:36," 13-6-2021","23:35:36 ","NPQ_3",0.459114439362718,420
"137"," 13-6-2021 23:35:36 ",2021-06-13 23:35:36," 13-6-2021","23:35:36 ","NPQ_4",0.384453981878875,600
"138"," 13-6-2021 23:35:36 ",2021-06-13 23:35:36," 13-6-2021","23:35:36 ","NPQ_5",0.307453276289124,1200
"139"," 13-6-2021 23:35:36 ",2021-06-13 23:35:36," 13-6-2021","23:35:36 ","NPQ_6",0.254190426818732,1800
"140"," 13-6-2021 23:35:36 ",2021-06-13 23:35:36," 13-6-2021","23:35:36 ","NPQ_7",0.235088913468902,2400
"141"," 13-6-2021 23:47:30 ",2021-06-13 23:47:30," 13-6-2021","23:47:30 ","NPQ_1",0.918855266914074,120
"142"," 13-6-2021 23:47:30 ",2021-06-13 23:47:30," 13-6-2021","23:47:30 ","NPQ_2",0.520241999321497,300
"143"," 13-6-2021 23:47:30 ",2021-06-13 23:47:30," 13-6-2021","23:47:30 ","NPQ_3",0.430844553243574,420
"144"," 13-6-2021 23:47:30 ",2021-06-13 23:47:30," 13-6-2021","23:47:30 ","NPQ_4",0.355738200887455,600
"145"," 13-6-2021 23:47:30 ",2021-06-13 23:47:30," 13-6-2021","23:47:30 ","NPQ_5",0.284185891006352,1200
"146"," 13-6-2021 23:47:30 ",2021-06-13 23:47:30," 13-6-2021","23:47:30 ","NPQ_6",0.212600911017905,1800
"147"," 13-6-2021 23:47:30 ",2021-06-13 23:47:30," 13-6-2021","23:47:30 ","NPQ_7",0.159922346850733,2400
"148"," 14-6-2021 0:00:17 ",2021-06-14 00:00:17," 14-6-2021","0:00:17 ","NPQ_1",0.626863446630888,120
"149"," 14-6-2021 0:00:17 ",2021-06-14 00:00:17," 14-6-2021","0:00:17 ","NPQ_2",0.408431920843192,300
"150"," 14-6-2021 0:00:17 ",2021-06-14 00:00:17," 14-6-2021","0:00:17 ","NPQ_3",0.332044918219546,420
"151"," 14-6-2021 0:00:17 ",2021-06-14 00:00:17," 14-6-2021","0:00:17 ","NPQ_4",0.260355712965815,600
"152"," 14-6-2021 0:00:17 ",2021-06-14 00:00:17," 14-6-2021","0:00:17 ","NPQ_5",0.193155727249535,1200
"153"," 14-6-2021 0:00:17 ",2021-06-14 00:00:17," 14-6-2021","0:00:17 ","NPQ_6",0.158820614469772,1800
"154"," 14-6-2021 0:00:17 ",2021-06-14 00:00:17," 14-6-2021","0:00:17 ","NPQ_7",0.148253367003367,2400
"155"," 14-6-2021 0:12:35 ",2021-06-14 00:12:35," 14-6-2021","0:12:35 ","NPQ_1",0.78336342174698,120
"156"," 14-6-2021 0:12:35 ",2021-06-14 00:12:35," 14-6-2021","0:12:35 ","NPQ_2",0.519223944161836,300
"157"," 14-6-2021 0:12:35 ",2021-06-14 00:12:35," 14-6-2021","0:12:35 ","NPQ_3",0.4132276879058,420
"158"," 14-6-2021 0:12:35 ",2021-06-14 00:12:35," 14-6-2021","0:12:35 ","NPQ_4",0.286644624787095,600
"159"," 14-6-2021 0:12:35 ",2021-06-14 00:12:35," 14-6-2021","0:12:35 ","NPQ_5",0.193383514543258,1200
"160"," 14-6-2021 0:12:35 ",2021-06-14 00:12:35," 14-6-2021","0:12:35 ","NPQ_6",0.154959978415325,1800
"161"," 14-6-2021 0:12:35 ",2021-06-14 00:12:35," 14-6-2021","0:12:35 ","NPQ_7",0.139991122947182,2400
"162"," 14-6-2021 16:29:08 ",2021-06-14 16:29:08," 14-6-2021","16:29:08 ","NPQ_1",0.811651131824234,120
"163"," 14-6-2021 16:29:08 ",2021-06-14 16:29:08," 14-6-2021","16:29:08 ","NPQ_2",0.356548182860561,300
"164"," 14-6-2021 16:29:08 ",2021-06-14 16:29:08," 14-6-2021","16:29:08 ","NPQ_3",0.279794939328379,420
"165"," 14-6-2021 16:29:08 ",2021-06-14 16:29:08," 14-6-2021","16:29:08 ","NPQ_4",0.216514663805436,600
"166"," 14-6-2021 16:29:08 ",2021-06-14 16:29:08," 14-6-2021","16:29:08 ","NPQ_5",0.167353067353067,1200
"167"," 14-6-2021 16:29:08 ",2021-06-14 16:29:08," 14-6-2021","16:29:08 ","NPQ_6",0.143415413059921,1800
"168"," 14-6-2021 16:29:08 ",2021-06-14 16:29:08," 14-6-2021","16:29:08 ","NPQ_7",0.124979328592691,2400
"169"," 14-6-2021 16:41:24 ",2021-06-14 16:41:24," 14-6-2021","16:41:24 ","NPQ_1",0.91300568371782,120
"170"," 14-6-2021 16:41:24 ",2021-06-14 16:41:24," 14-6-2021","16:41:24 ","NPQ_2",0.392368715627586,300
"171"," 14-6-2021 16:41:24 ",2021-06-14 16:41:24," 14-6-2021","16:41:24 ","NPQ_3",0.305631617378605,420
"172"," 14-6-2021 16:41:24 ",2021-06-14 16:41:24," 14-6-2021","16:41:24 ","NPQ_4",0.229067319671779,600
"173"," 14-6-2021 16:41:24 ",2021-06-14 16:41:24," 14-6-2021","16:41:24 ","NPQ_5",0.178052295655755,1200
"174"," 14-6-2021 16:41:24 ",2021-06-14 16:41:24," 14-6-2021","16:41:24 ","NPQ_6",0.159432624113475,1800
"175"," 14-6-2021 16:41:24 ",2021-06-14 16:41:24," 14-6-2021","16:41:24 ","NPQ_7",0.151823818342862,2400
"176"," 14-6-2021 16:54:36 ",2021-06-14 16:54:36," 14-6-2021","16:54:36 ","NPQ_1",0.696170747018205,120
"177"," 14-6-2021 16:54:36 ",2021-06-14 16:54:36," 14-6-2021","16:54:36 ","NPQ_2",0.352653242852375,300
"178"," 14-6-2021 16:54:36 ",2021-06-14 16:54:36," 14-6-2021","16:54:36 ","NPQ_3",0.296406866403668,420
"179"," 14-6-2021 16:54:36 ",2021-06-14 16:54:36," 14-6-2021","16:54:36 ","NPQ_4",0.226261913166255,600
"180"," 14-6-2021 16:54:36 ",2021-06-14 16:54:36," 14-6-2021","16:54:36 ","NPQ_5",0.140244760163173,1200
"181"," 14-6-2021 16:54:36 ",2021-06-14 16:54:36," 14-6-2021","16:54:36 ","NPQ_6",0.106520453201074,1800
"182"," 14-6-2021 16:54:36 ",2021-06-14 16:54:36," 14-6-2021","16:54:36 ","NPQ_7",0.0919622810956444,2400
"183"," 14-6-2021 17:06:09 ",2021-06-14 17:06:09," 14-6-2021","17:06:09 ","NPQ_1",0.432388094680103,120
"184"," 14-6-2021 17:06:09 ",2021-06-14 17:06:09," 14-6-2021","17:06:09 ","NPQ_2",0.289859660230031,300
"185"," 14-6-2021 17:06:09 ",2021-06-14 17:06:09," 14-6-2021","17:06:09 ","NPQ_3",0.255417479716545,420
"186"," 14-6-2021 17:06:09 ",2021-06-14 17:06:09," 14-6-2021","17:06:09 ","NPQ_4",0.184266614997094,600
"187"," 14-6-2021 17:06:09 ",2021-06-14 17:06:09," 14-6-2021","17:06:09 ","NPQ_5",0.158727901796294,1200
"188"," 14-6-2021 17:06:09 ",2021-06-14 17:06:09," 14-6-2021","17:06:09 ","NPQ_6",0.153370760013209,1800
"189"," 14-6-2021 17:06:09 ",2021-06-14 17:06:09," 14-6-2021","17:06:09 ","NPQ_7",0.151632201234161,2400
"190"," 14-6-2021 17:17:33 ",2021-06-14 17:17:33," 14-6-2021","17:17:33 ","NPQ_1",0.67879060020955,120
"191"," 14-6-2021 17:17:33 ",2021-06-14 17:17:33," 14-6-2021","17:17:33 ","NPQ_2",0.289714252860346,300
"192"," 14-6-2021 17:17:33 ",2021-06-14 17:17:33," 14-6-2021","17:17:33 ","NPQ_3",0.263703453326573,420
"193"," 14-6-2021 17:17:33 ",2021-06-14 17:17:33," 14-6-2021","17:17:33 ","NPQ_4",0.227737945377921,600
"194"," 14-6-2021 17:17:33 ",2021-06-14 17:17:33," 14-6-2021","17:17:33 ","NPQ_5",0.185561016859574,1200
"195"," 14-6-2021 17:17:33 ",2021-06-14 17:17:33," 14-6-2021","17:17:33 ","NPQ_6",0.153850110591019,1800
"196"," 14-6-2021 17:17:33 ",2021-06-14 17:17:33," 14-6-2021","17:17:33 ","NPQ_7",0.129279097865485,2400
"197"," 14-6-2021 17:29:56 ",2021-06-14 17:29:56," 14-6-2021","17:29:56 ","NPQ_1",0.646872139151663,120
"198"," 14-6-2021 17:29:56 ",2021-06-14 17:29:56," 14-6-2021","17:29:56 ","NPQ_2",0.433489162770931,300
"199"," 14-6-2021 17:29:56 ",2021-06-14 17:29:56," 14-6-2021","17:29:56 ","NPQ_3",0.381032806182507,420
"200"," 14-6-2021 17:29:56 ",2021-06-14 17:29:56," 14-6-2021","17:29:56 ","NPQ_4",0.309140306617504,600
"201"," 14-6-2021 17:29:56 ",2021-06-14 17:29:56," 14-6-2021","17:29:56 ","NPQ_5",0.231471339905075,1200
"202"," 14-6-2021 17:29:56 ",2021-06-14 17:29:56," 14-6-2021","17:29:56 ","NPQ_6",0.179009918294228,1800
"203"," 14-6-2021 17:29:56 ",2021-06-14 17:29:56," 14-6-2021","17:29:56 ","NPQ_7",-0.00717465690422753,2400
"204"," 14-6-2021 17:41:24 ",2021-06-14 17:41:24," 14-6-2021","17:41:24 ","NPQ_1",0.74032942350886,120
"205"," 14-6-2021 17:41:24 ",2021-06-14 17:41:24," 14-6-2021","17:41:24 ","NPQ_2",0.383836880488168,300
"206"," 14-6-2021 17:41:24 ",2021-06-14 17:41:24," 14-6-2021","17:41:24 ","NPQ_3",0.313957322530501,420
"207"," 14-6-2021 17:41:24 ",2021-06-14 17:41:24," 14-6-2021","17:41:24 ","NPQ_4",0.220476919711223,600
"208"," 14-6-2021 17:41:24 ",2021-06-14 17:41:24," 14-6-2021","17:41:24 ","NPQ_5",0.178553320939665,1200
"209"," 14-6-2021 17:41:24 ",2021-06-14 17:41:24," 14-6-2021","17:41:24 ","NPQ_6",0.172115303807043,1800
"210"," 14-6-2021 17:41:24 ",2021-06-14 17:41:24," 14-6-2021","17:41:24 ","NPQ_7",0.167357187696171,2400
"211"," 14-6-2021 17:52:46 ",2021-06-14 17:52:46," 14-6-2021","17:52:46 ","NPQ_1",0.989902128320646,120
"212"," 14-6-2021 17:52:46 ",2021-06-14 17:52:46," 14-6-2021","17:52:46 ","NPQ_2",0.459216222374117,300
"213"," 14-6-2021 17:52:46 ",2021-06-14 17:52:46," 14-6-2021","17:52:46 ","NPQ_3",0.404649632635157,420
"214"," 14-6-2021 17:52:46 ",2021-06-14 17:52:46," 14-6-2021","17:52:46 ","NPQ_4",0.356239080946583,600
"215"," 14-6-2021 17:52:46 ",2021-06-14 17:52:46," 14-6-2021","17:52:46 ","NPQ_5",0.298165602513429,1200
"216"," 14-6-2021 17:52:46 ",2021-06-14 17:52:46," 14-6-2021","17:52:46 ","NPQ_6",0.250817831160588,1800
"217"," 14-6-2021 17:52:46 ",2021-06-14 17:52:46," 14-6-2021","17:52:46 ","NPQ_7",0.22170823596738,2400
"218"," 16-6-2021 22:22:33 ",2021-06-16 22:22:33," 16-6-2021","22:22:33 ","NPQ_1",0.950405574609396,120
"219"," 16-6-2021 22:22:33 ",2021-06-16 22:22:33," 16-6-2021","22:22:33 ","NPQ_2",0.285873232359486,300
"220"," 16-6-2021 22:22:33 ",2021-06-16 22:22:33," 16-6-2021","22:22:33 ","NPQ_3",0.275436098255607,420
"221"," 16-6-2021 22:22:33 ",2021-06-16 22:22:33," 16-6-2021","22:22:33 ","NPQ_4",0.281366237482117,600
"222"," 16-6-2021 22:22:33 ",2021-06-16 22:22:33," 16-6-2021","22:22:33 ","NPQ_5",0.285919385520979,1200
"223"," 16-6-2021 22:22:33 ",2021-06-16 22:22:33," 16-6-2021","22:22:33 ","NPQ_6",0.296482593906058,1800
"224"," 16-6-2021 22:22:33 ",2021-06-16 22:22:33," 16-6-2021","22:22:33 ","NPQ_7",0.305696271730019,2400
"225"," 16-6-2021 22:36:55 ",2021-06-16 22:36:55," 16-6-2021","22:36:55 ","NPQ_1",0.875232083178611,120
"226"," 16-6-2021 22:36:55 ",2021-06-16 22:36:55," 16-6-2021","22:36:55 ","NPQ_2",0.316361108697541,300
"227"," 16-6-2021 22:36:55 ",2021-06-16 22:36:55," 16-6-2021","22:36:55 ","NPQ_3",0.298033671764555,420
"228"," 16-6-2021 22:36:55 ",2021-06-16 22:36:55," 16-6-2021","22:36:55 ","NPQ_4",0.271453149259368,600
"229"," 16-6-2021 22:36:55 ",2021-06-16 22:36:55," 16-6-2021","22:36:55 ","NPQ_5",0.256062678771297,1200
"230"," 16-6-2021 22:36:55 ",2021-06-16 22:36:55," 16-6-2021","22:36:55 ","NPQ_6",0.252687282950223,1800
"231"," 16-6-2021 22:36:55 ",2021-06-16 22:36:55," 16-6-2021","22:36:55 ","NPQ_7",0.256062678771297,2400
"232"," 16-6-2021 22:52:07 ",2021-06-16 22:52:07," 16-6-2021","22:52:07 ","NPQ_1",0.698168090110162,120
"233"," 16-6-2021 22:52:07 ",2021-06-16 22:52:07," 16-6-2021","22:52:07 ","NPQ_2",0.271089081391578,300
"234"," 16-6-2021 22:52:07 ",2021-06-16 22:52:07," 16-6-2021","22:52:07 ","NPQ_3",0.192067077939004,420
"235"," 16-6-2021 22:52:07 ",2021-06-16 22:52:07," 16-6-2021","22:52:07 ","NPQ_4",0.142054441022226,600
"236"," 16-6-2021 22:52:07 ",2021-06-16 22:52:07," 16-6-2021","22:52:07 ","NPQ_5",0.122341295811518,1200
"237"," 16-6-2021 22:52:07 ",2021-06-16 22:52:07," 16-6-2021","22:52:07 ","NPQ_6",0.116404914964602,1800
"238"," 16-6-2021 22:52:07 ",2021-06-16 22:52:07," 16-6-2021","22:52:07 ","NPQ_7",0.114907967981797,2400
"239"," 16-6-2021 23:07:26 ",2021-06-16 23:07:26," 16-6-2021","23:07:26 ","NPQ_1",0.423104733299961,120
"240"," 16-6-2021 23:07:26 ",2021-06-16 23:07:26," 16-6-2021","23:07:26 ","NPQ_2",0.387978734946295,300
"241"," 16-6-2021 23:07:26 ",2021-06-16 23:07:26," 16-6-2021","23:07:26 ","NPQ_3",0.356915570640645,420
"242"," 16-6-2021 23:07:26 ",2021-06-16 23:07:26," 16-6-2021","23:07:26 ","NPQ_4",0.300828715237175,600
"243"," 16-6-2021 23:07:26 ",2021-06-16 23:07:26," 16-6-2021","23:07:26 ","NPQ_5",0.261201754818357,1200
"244"," 16-6-2021 23:07:26 ",2021-06-16 23:07:26," 16-6-2021","23:07:26 ","NPQ_6",0.239331557277791,1800
"245"," 16-6-2021 23:07:26 ",2021-06-16 23:07:26," 16-6-2021","23:07:26 ","NPQ_7",0.229682318450521,2400
"246"," 16-6-2021 23:21:53 ",2021-06-16 23:21:53," 16-6-2021","23:21:53 ","NPQ_1",1.19896932120138,120
"247"," 16-6-2021 23:21:53 ",2021-06-16 23:21:53," 16-6-2021","23:21:53 ","NPQ_2",0.656797913001274,300
"248"," 16-6-2021 23:21:53 ",2021-06-16 23:21:53," 16-6-2021","23:21:53 ","NPQ_3",0.538448538110529,420
"249"," 16-6-2021 23:21:53 ",2021-06-16 23:21:53," 16-6-2021","23:21:53 ","NPQ_4",0.471073044602456,600
"250"," 16-6-2021 23:21:53 ",2021-06-16 23:21:53," 16-6-2021","23:21:53 ","NPQ_5",0.407027667576897,1200
"251"," 16-6-2021 23:21:53 ",2021-06-16 23:21:53," 16-6-2021","23:21:53 ","NPQ_6",0.344012992765392,1800
"252"," 16-6-2021 23:21:53 ",2021-06-16 23:21:53," 16-6-2021","23:21:53 ","NPQ_7",0.300304732882583,2400
"253"," 16-6-2021 23:36:14 ",2021-06-16 23:36:14," 16-6-2021","23:36:14 ","NPQ_1",0.712140736175696,120
"254"," 16-6-2021 23:36:14 ",2021-06-16 23:36:14," 16-6-2021","23:36:14 ","NPQ_2",0.489641725566659,300
"255"," 16-6-2021 23:36:14 ",2021-06-16 23:36:14," 16-6-2021","23:36:14 ","NPQ_3",0.411416959172363,420
"256"," 16-6-2021 23:36:14 ",2021-06-16 23:36:14," 16-6-2021","23:36:14 ","NPQ_4",0.325813449023861,600
"257"," 16-6-2021 23:36:14 ",2021-06-16 23:36:14," 16-6-2021","23:36:14 ","NPQ_5",0.235196637160988,1200
"258"," 16-6-2021 23:36:14 ",2021-06-16 23:36:14," 16-6-2021","23:36:14 ","NPQ_6",0.176470588235294,1800
"259"," 16-6-2021 23:36:14 ",2021-06-16 23:36:14," 16-6-2021","23:36:14 ","NPQ_7",0.151946926005503,2400
"260"," 16-6-2021 23:49:04 ",2021-06-16 23:49:04," 16-6-2021","23:49:04 ","NPQ_1",0.986303015739517,120
"261"," 16-6-2021 23:49:04 ",2021-06-16 23:49:04," 16-6-2021","23:49:04 ","NPQ_2",0.444599790283118,300
"262"," 16-6-2021 23:49:04 ",2021-06-16 23:49:04," 16-6-2021","23:49:04 ","NPQ_3",0.402740655890713,420
"263"," 16-6-2021 23:49:04 ",2021-06-16 23:49:04," 16-6-2021","23:49:04 ","NPQ_4",0.379909018822253,600
"264"," 16-6-2021 23:49:04 ",2021-06-16 23:49:04," 16-6-2021","23:49:04 ","NPQ_5",0.357808714221182,1200
"265"," 16-6-2021 23:49:04 ",2021-06-16 23:49:04," 16-6-2021","23:49:04 ","NPQ_6",0.331186085836219,1800
"266"," 16-6-2021 23:49:04 ",2021-06-16 23:49:04," 16-6-2021","23:49:04 ","NPQ_7",0.313940549992052,2400
"267"," 17-6-2021 0:06:04 ",2021-06-17 00:06:04," 17-6-2021","0:06:04 ","NPQ_1",1.16660774261976,120
"268"," 17-6-2021 0:06:04 ",2021-06-17 00:06:04," 17-6-2021","0:06:04 ","NPQ_2",0.53879472693032,300
"269"," 17-6-2021 0:06:04 ",2021-06-17 00:06:04," 17-6-2021","0:06:04 ","NPQ_3",0.401463609856498,420
"270"," 17-6-2021 0:06:04 ",2021-06-17 00:06:04," 17-6-2021","0:06:04 ","NPQ_4",0.313595198542415,600
"271"," 17-6-2021 0:06:04 ",2021-06-17 00:06:04," 17-6-2021","0:06:04 ","NPQ_5",0.244188407268298,1200
"272"," 17-6-2021 0:06:04 ",2021-06-17 00:06:04," 17-6-2021","0:06:04 ","NPQ_6",0.214176036455496,1800
"273"," 17-6-2021 0:06:04 ",2021-06-17 00:06:04," 17-6-2021","0:06:04 ","NPQ_7",0.212194639501533,2400
"274"," 17-6-2021 17:19:16 ",2021-06-17 17:19:16," 17-6-2021","17:19:16 ","NPQ_1",0.394506631549243,120
"275"," 17-6-2021 17:19:16 ",2021-06-17 17:19:16," 17-6-2021","17:19:16 ","NPQ_2",0.214417366373131,300
"276"," 17-6-2021 17:19:16 ",2021-06-17 17:19:16," 17-6-2021","17:19:16 ","NPQ_3",0.216011155313128,420
"277"," 17-6-2021 17:19:16 ",2021-06-17 17:19:16," 17-6-2021","17:19:16 ","NPQ_4",0.203181430832285,600
"278"," 17-6-2021 17:19:16 ",2021-06-17 17:19:16," 17-6-2021","17:19:16 ","NPQ_5",0.189043952518447,1200
"279"," 17-6-2021 17:19:16 ",2021-06-17 17:19:16," 17-6-2021","17:19:16 ","NPQ_6",0.185952561897524,1800
"280"," 17-6-2021 17:19:16 ",2021-06-17 17:19:16," 17-6-2021","17:19:16 ","NPQ_7",0.182877204180962,2400
"281"," 17-6-2021 17:32:28 ",2021-06-17 17:32:28," 17-6-2021","17:32:28 ","NPQ_1",0.414043350795405,120
"282"," 17-6-2021 17:32:28 ",2021-06-17 17:32:28," 17-6-2021","17:32:28 ","NPQ_2",0.239708422871108,300
"283"," 17-6-2021 17:32:28 ",2021-06-17 17:32:28," 17-6-2021","17:32:28 ","NPQ_3",0.236322380031935,420
"284"," 17-6-2021 17:32:28 ",2021-06-17 17:32:28," 17-6-2021","17:32:28 ","NPQ_4",0.219665879036604,600
"285"," 17-6-2021 17:32:28 ",2021-06-17 17:32:28," 17-6-2021","17:32:28 ","NPQ_5",0.205078844972353,1200
"286"," 17-6-2021 17:32:28 ",2021-06-17 17:32:28," 17-6-2021","17:32:28 ","NPQ_6",0.198696272153188,1800
"287"," 17-6-2021 17:32:28 ",2021-06-17 17:32:28," 17-6-2021","17:32:28 ","NPQ_7",0.198696272153188,2400
"288"," 17-6-2021 17:44:28 ",2021-06-17 17:44:28," 17-6-2021","17:44:28 ","NPQ_1",0.810329923642127,120
"289"," 17-6-2021 17:44:28 ",2021-06-17 17:44:28," 17-6-2021","17:44:28 ","NPQ_2",0.34433508077458,300
"290"," 17-6-2021 17:44:28 ",2021-06-17 17:44:28," 17-6-2021","17:44:28 ","NPQ_3",0.312392292025693,420
"291"," 17-6-2021 17:44:28 ",2021-06-17 17:44:28," 17-6-2021","17:44:28 ","NPQ_4",0.284028203556101,600
"292"," 17-6-2021 17:44:28 ",2021-06-17 17:44:28," 17-6-2021","17:44:28 ","NPQ_5",0.250796336850488,1200
"293"," 17-6-2021 17:44:28 ",2021-06-17 17:44:28," 17-6-2021","17:44:28 ","NPQ_6",0.227039695327377,1800
"294"," 17-6-2021 17:44:28 ",2021-06-17 17:44:28," 17-6-2021","17:44:28 ","NPQ_7",0.215408424819848,2400
"295"," 17-6-2021 17:55:51 ",2021-06-17 17:55:51," 17-6-2021","17:55:51 ","NPQ_1",0.470934060765685,120
"296"," 17-6-2021 17:55:51 ",2021-06-17 17:55:51," 17-6-2021","17:55:51 ","NPQ_2",0.23173565436572,300
"297"," 17-6-2021 17:55:51 ",2021-06-17 17:55:51," 17-6-2021","17:55:51 ","NPQ_3",0.230136878539962,420
"298"," 17-6-2021 17:55:51 ",2021-06-17 17:55:51," 17-6-2021","17:55:51 ","NPQ_4",0.22704802259887,600
"299"," 17-6-2021 17:55:51 ",2021-06-17 17:55:51," 17-6-2021","17:55:51 ","NPQ_5",0.222348159149535,1200
"300"," 17-6-2021 17:55:51 ",2021-06-17 17:55:51," 17-6-2021","17:55:51 ","NPQ_6",0.219250711473237,1800
"301"," 17-6-2021 17:55:51 ",2021-06-17 17:55:51," 17-6-2021","17:55:51 ","NPQ_7",0.213102672510764,2400
"302"," 9-6-2021 23:05:24 ",2021-06-09 23:05:24," 9-6-2021","23:05:24 ","NPQ_1",0.85231186723724,120
"303"," 9-6-2021 23:05:24 ",2021-06-09 23:05:24," 9-6-2021","23:05:24 ","NPQ_2",0.549144553072626,300
"304"," 9-6-2021 23:05:24 ",2021-06-09 23:05:24," 9-6-2021","23:05:24 ","NPQ_3",0.451934876871472,420
"305"," 9-6-2021 23:05:24 ",2021-06-09 23:05:24," 9-6-2021","23:05:24 ","NPQ_4",0.327374719521316,600
"306"," 9-6-2021 23:05:24 ",2021-06-09 23:05:24," 9-6-2021","23:05:24 ","NPQ_5",0.20514735841369,1200
"307"," 9-6-2021 23:05:24 ",2021-06-09 23:05:24," 9-6-2021","23:05:24 ","NPQ_6",0.135226763896885,1800
"308"," 9-6-2021 23:05:24 ",2021-06-09 23:05:24," 9-6-2021","23:05:24 ","NPQ_7",0.113222933132606,2400
"309"," 9-6-2021 23:24:31 ",2021-06-09 23:24:31," 9-6-2021","23:24:31 ","NPQ_1",0.864573320516928,120
"310"," 9-6-2021 23:24:31 ",2021-06-09 23:24:31," 9-6-2021","23:24:31 ","NPQ_2",0.574779000541223,300
"311"," 9-6-2021 23:24:31 ",2021-06-09 23:24:31," 9-6-2021","23:24:31 ","NPQ_3",0.483388563174441,420
"312"," 9-6-2021 23:24:31 ",2021-06-09 23:24:31," 9-6-2021","23:24:31 ","NPQ_4",0.376922470226359,600
"313"," 9-6-2021 23:24:31 ",2021-06-09 23:24:31," 9-6-2021","23:24:31 ","NPQ_5",0.260596432955448,1200
"314"," 9-6-2021 23:24:31 ",2021-06-09 23:24:31," 9-6-2021","23:24:31 ","NPQ_6",0.162316910785619,1800
"315"," 9-6-2021 23:24:31 ",2021-06-09 23:24:31," 9-6-2021","23:24:31 ","NPQ_7",0.118743992310157,2400
"316"," 9-6-2021 23:37:04 ",2021-06-09 23:37:04," 9-6-2021","23:37:04 ","NPQ_1",0.785998469778118,120
"317"," 9-6-2021 23:37:04 ",2021-06-09 23:37:04," 9-6-2021","23:37:04 ","NPQ_2",0.492710065225732,300
"318"," 9-6-2021 23:37:04 ",2021-06-09 23:37:04," 9-6-2021","23:37:04 ","NPQ_3",0.391452074391989,420
"319"," 9-6-2021 23:37:04 ",2021-06-09 23:37:04," 9-6-2021","23:37:04 ","NPQ_4",0.300735539953193,600
"320"," 9-6-2021 23:37:04 ",2021-06-09 23:37:04," 9-6-2021","23:37:04 ","NPQ_5",0.210799315317184,1200
"321"," 9-6-2021 23:37:04 ",2021-06-09 23:37:04," 9-6-2021","23:37:04 ","NPQ_6",0.154336860844625,1800
"322"," 9-6-2021 23:37:04 ",2021-06-09 23:37:04," 9-6-2021","23:37:04 ","NPQ_7",0.137850353399951,2400
"323"," 9-6-2021 23:48:47 ",2021-06-09 23:48:47," 9-6-2021","23:48:47 ","NPQ_1",0.788231888253601,120
"324"," 9-6-2021 23:48:47 ",2021-06-09 23:48:47," 9-6-2021","23:48:47 ","NPQ_2",0.516944990176817,300
"325"," 9-6-2021 23:48:47 ",2021-06-09 23:48:47," 9-6-2021","23:48:47 ","NPQ_3",0.458731845554375,420
"326"," 9-6-2021 23:48:47 ",2021-06-09 23:48:47," 9-6-2021","23:48:47 ","NPQ_4",0.404741599863551,600
"327"," 9-6-2021 23:48:47 ",2021-06-09 23:48:47," 9-6-2021","23:48:47 ","NPQ_5",0.345092275028581,1200
"328"," 9-6-2021 23:48:47 ",2021-06-09 23:48:47," 9-6-2021","23:48:47 ","NPQ_6",0.290302365658781,1800
"329"," 9-6-2021 23:48:47 ",2021-06-09 23:48:47," 9-6-2021","23:48:47 ","NPQ_7",0.241795245514399,2400
"330"," 10-6-2021 0:00:04 ",2021-06-10 00:00:04," 10-6-2021","0:00:04 ","NPQ_1",0.717356003438724,120
"331"," 10-6-2021 0:00:04 ",2021-06-10 00:00:04," 10-6-2021","0:00:04 ","NPQ_2",0.41078154425612,300
"332"," 10-6-2021 0:00:04 ",2021-06-10 00:00:04," 10-6-2021","0:00:04 ","NPQ_3",0.277189742132557,420
"333"," 10-6-2021 0:00:04 ",2021-06-10 00:00:04," 10-6-2021","0:00:04 ","NPQ_4",0.149699450057552,600
"334"," 10-6-2021 0:00:04 ",2021-06-10 00:00:04," 10-6-2021","0:00:04 ","NPQ_5",0.0738218957176133,1200
"335"," 10-6-2021 0:00:04 ",2021-06-10 00:00:04," 10-6-2021","0:00:04 ","NPQ_6",0.0553533693355248,1800
"336"," 10-6-2021 0:00:04 ",2021-06-10 00:00:04," 10-6-2021","0:00:04 ","NPQ_7",0.0454122572392139,2400
"337"," 11-6-2021 22:17:44 ",2021-06-11 22:17:44," 11-6-2021","22:17:44 ","NPQ_1",1.22785276978683,120
"338"," 11-6-2021 22:17:44 ",2021-06-11 22:17:44," 11-6-2021","22:17:44 ","NPQ_2",0.846939399498563,300
"339"," 11-6-2021 22:17:44 ",2021-06-11 22:17:44," 11-6-2021","22:17:44 ","NPQ_3",0.759568890183513,420
"340"," 11-6-2021 22:17:44 ",2021-06-11 22:17:44," 11-6-2021","22:17:44 ","NPQ_4",0.695273911091154,600
"341"," 11-6-2021 22:17:44 ",2021-06-11 22:17:44," 11-6-2021","22:17:44 ","NPQ_5",0.638439839427145,1200
"342"," 11-6-2021 22:17:44 ",2021-06-11 22:17:44," 11-6-2021","22:17:44 ","NPQ_6",0.588043535411956,1800
"343"," 11-6-2021 22:17:44 ",2021-06-11 22:17:44," 11-6-2021","22:17:44 ","NPQ_7",0.543173921929287,2400
"344"," 11-6-2021 22:33:15 ",2021-06-11 22:33:15," 11-6-2021","22:33:15 ","NPQ_1",1.90786919516201,120
"345"," 11-6-2021 22:33:15 ",2021-06-11 22:33:15," 11-6-2021","22:33:15 ","NPQ_2",1.03044520905015,300
"346"," 11-6-2021 22:33:15 ",2021-06-11 22:33:15," 11-6-2021","22:33:15 ","NPQ_3",0.793351137305461,420
"347"," 11-6-2021 22:33:15 ",2021-06-11 22:33:15," 11-6-2021","22:33:15 ","NPQ_4",0.687375444068971,600
"348"," 11-6-2021 22:33:15 ",2021-06-11 22:33:15," 11-6-2021","22:33:15 ","NPQ_5",0.618920941059107,1200
"349"," 11-6-2021 22:33:15 ",2021-06-11 22:33:15," 11-6-2021","22:33:15 ","NPQ_6",0.551836799745,1800
"350"," 11-6-2021 22:33:15 ",2021-06-11 22:33:15," 11-6-2021","22:33:15 ","NPQ_7",0.493748561785687,2400
"351"," 11-6-2021 22:52:12 ",2021-06-11 22:52:12," 11-6-2021","22:52:12 ","NPQ_1",1.55113038906414,120
"352"," 11-6-2021 22:52:12 ",2021-06-11 22:52:12," 11-6-2021","22:52:12 ","NPQ_2",0.787365319090156,300
"353"," 11-6-2021 22:52:12 ",2021-06-11 22:52:12," 11-6-2021","22:52:12 ","NPQ_3",0.591945538057743,420
"354"," 11-6-2021 22:52:12 ",2021-06-11 22:52:12," 11-6-2021","22:52:12 ","NPQ_4",0.496222633364169,600
"355"," 11-6-2021 22:52:12 ",2021-06-11 22:52:12," 11-6-2021","22:52:12 ","NPQ_5",0.418060933732739,1200
"356"," 11-6-2021 22:52:12 ",2021-06-11 22:52:12," 11-6-2021","22:52:12 ","NPQ_6",0.353769965822697,1800
"357"," 11-6-2021 22:52:12 ",2021-06-11 22:52:12," 11-6-2021","22:52:12 ","NPQ_7",0.312039478131549,2400
"358"," 11-6-2021 23:07:47 ",2021-06-11 23:07:47," 11-6-2021","23:07:47 ","NPQ_1",1.71920316390801,120
"359"," 11-6-2021 23:07:47 ",2021-06-11 23:07:47," 11-6-2021","23:07:47 ","NPQ_2",0.884478733123541,300
"360"," 11-6-2021 23:07:47 ",2021-06-11 23:07:47," 11-6-2021","23:07:47 ","NPQ_3",0.684420651483531,420
"361"," 11-6-2021 23:07:47 ",2021-06-11 23:07:47," 11-6-2021","23:07:47 ","NPQ_4",0.586124401913876,600
"362"," 11-6-2021 23:07:47 ",2021-06-11 23:07:47," 11-6-2021","23:07:47 ","NPQ_5",0.518651832460733,1200
"363"," 11-6-2021 23:07:47 ",2021-06-11 23:07:47," 11-6-2021","23:07:47 ","NPQ_6",0.464153324394668,1800
"364"," 11-6-2021 23:07:47 ",2021-06-11 23:07:47," 11-6-2021","23:07:47 ","NPQ_7",0.4203519510329,2400
"365"," 11-6-2021 23:23:08 ",2021-06-11 23:23:08," 11-6-2021","23:23:08 ","NPQ_1",1.97480680061824,120
"366"," 11-6-2021 23:23:08 ",2021-06-11 23:23:08," 11-6-2021","23:23:08 ","NPQ_2",1.0274939429053,300
"367"," 11-6-2021 23:23:08 ",2021-06-11 23:23:08," 11-6-2021","23:23:08 ","NPQ_3",0.736153707378676,420
"368"," 11-6-2021 23:23:08 ",2021-06-11 23:23:08," 11-6-2021","23:23:08 ","NPQ_4",0.604317746103192,600
"369"," 11-6-2021 23:23:08 ",2021-06-11 23:23:08," 11-6-2021","23:23:08 ","NPQ_5",0.529725003973931,1200
"370"," 11-6-2021 23:23:08 ",2021-06-11 23:23:08," 11-6-2021","23:23:08 ","NPQ_6",0.461760461760462,1800
"371"," 11-6-2021 23:23:08 ",2021-06-11 23:23:08," 11-6-2021","23:23:08 ","NPQ_7",0.406224884927303,2400
"372"," 11-6-2021 23:36:50 ",2021-06-11 23:36:50," 11-6-2021","23:36:50 ","NPQ_1",1.73948497854077,120
"373"," 11-6-2021 23:36:50 ",2021-06-11 23:36:50," 11-6-2021","23:36:50 ","NPQ_2",0.806679875459949,300
"374"," 11-6-2021 23:36:50 ",2021-06-11 23:36:50," 11-6-2021","23:36:50 ","NPQ_3",0.554049667261808,420
"375"," 11-6-2021 23:36:50 ",2021-06-11 23:36:50," 11-6-2021","23:36:50 ","NPQ_4",0.443573313230305,600
"376"," 11-6-2021 23:36:50 ",2021-06-11 23:36:50," 11-6-2021","23:36:50 ","NPQ_5",0.366614330573794,1200
"377"," 11-6-2021 23:36:50 ",2021-06-11 23:36:50," 11-6-2021","23:36:50 ","NPQ_6",0.311755034936293,1800
"378"," 11-6-2021 23:36:50 ",2021-06-11 23:36:50," 11-6-2021","23:36:50 ","NPQ_7",0.286030893216924,2400
"379"," 11-6-2021 23:50:59 ",2021-06-11 23:50:59," 11-6-2021","23:50:59 ","NPQ_1",1.13975623911782,120
"380"," 11-6-2021 23:50:59 ",2021-06-11 23:50:59," 11-6-2021","23:50:59 ","NPQ_2",0.658032020147509,300
"381"," 11-6-2021 23:50:59 ",2021-06-11 23:50:59," 11-6-2021","23:50:59 ","NPQ_3",0.511975065616798,420
"382"," 11-6-2021 23:50:59 ",2021-06-11 23:50:59," 11-6-2021","23:50:59 ","NPQ_4",0.435446192181903,600
"383"," 11-6-2021 23:50:59 ",2021-06-11 23:50:59," 11-6-2021","23:50:59 ","NPQ_5",0.379583894626553,1200
"384"," 11-6-2021 23:50:59 ",2021-06-11 23:50:59," 11-6-2021","23:50:59 ","NPQ_6",0.343586005830904,1800
"385"," 11-6-2021 23:50:59 ",2021-06-11 23:50:59," 11-6-2021","23:50:59 ","NPQ_7",0.324757455982752,2400
"386"," 12-6-2021 0:04:16 ",2021-06-12 00:04:16," 12-6-2021","0:04:16 ","NPQ_1",1.45981140547822,120
"387"," 12-6-2021 0:04:16 ",2021-06-12 00:04:16," 12-6-2021","0:04:16 ","NPQ_2",0.792539267015707,300
"388"," 12-6-2021 0:04:16 ",2021-06-12 00:04:16," 12-6-2021","0:04:16 ","NPQ_3",0.647890501616906,420
"389"," 12-6-2021 0:04:16 ",2021-06-12 00:04:16," 12-6-2021","0:04:16 ","NPQ_4",0.563802455038538,600
"390"," 12-6-2021 0:04:16 ",2021-06-12 00:04:16," 12-6-2021","0:04:16 ","NPQ_5",0.484552845528455,1200
"391"," 12-6-2021 0:04:16 ",2021-06-12 00:04:16," 12-6-2021","0:04:16 ","NPQ_6",0.424892703862661,1800
"392"," 12-6-2021 0:04:16 ",2021-06-12 00:04:16," 12-6-2021","0:04:16 ","NPQ_7",0.389649923896499,2400
"393"," 12-6-2021 0:17:16 ",2021-06-12 00:17:16," 12-6-2021","0:17:16 ","NPQ_1",1.52335516946739,120
"394"," 12-6-2021 0:17:16 ",2021-06-12 00:17:16," 12-6-2021","0:17:16 ","NPQ_2",0.735625428543442,300
"395"," 12-6-2021 0:17:16 ",2021-06-12 00:17:16," 12-6-2021","0:17:16 ","NPQ_3",0.602949158675593,420
"396"," 12-6-2021 0:17:16 ",2021-06-12 00:17:16," 12-6-2021","0:17:16 ","NPQ_4",0.535308898708951,600
"397"," 12-6-2021 0:17:16 ",2021-06-12 00:17:16," 12-6-2021","0:17:16 ","NPQ_5",0.468993533410711,1200
"398"," 12-6-2021 0:17:16 ",2021-06-12 00:17:16," 12-6-2021","0:17:16 ","NPQ_6",0.404709053432694,1800
"399"," 12-6-2021 0:17:16 ",2021-06-12 00:17:16," 12-6-2021","0:17:16 ","NPQ_7",0.352388948252175,2400
"400"," 12-6-2021 0:29:34 ",2021-06-12 00:29:34," 12-6-2021","0:29:34 ","NPQ_1",1.80287878787879,120
"401"," 12-6-2021 0:29:34 ",2021-06-12 00:29:34," 12-6-2021","0:29:34 ","NPQ_2",0.948699041398925,300
"402"," 12-6-2021 0:29:34 ",2021-06-12 00:29:34," 12-6-2021","0:29:34 ","NPQ_3",0.761641748404914,420
"403"," 12-6-2021 0:29:34 ",2021-06-12 00:29:34," 12-6-2021","0:29:34 ","NPQ_4",0.644501733487421,600
"404"," 12-6-2021 0:29:34 ",2021-06-12 00:29:34," 12-6-2021","0:29:34 ","NPQ_5",0.541968825539718,1200
"405"," 12-6-2021 0:29:34 ",2021-06-12 00:29:34," 12-6-2021","0:29:34 ","NPQ_6",0.455239144115796,1800
"406"," 12-6-2021 0:29:34 ",2021-06-12 00:29:34," 12-6-2021","0:29:34 ","NPQ_7",0.391216063773784,2400
"407"," 12-6-2021 0:44:26 ",2021-06-12 00:44:26," 12-6-2021","0:44:26 ","NPQ_1",1.19945265462507,120
"408"," 12-6-2021 0:44:26 ",2021-06-12 00:44:26," 12-6-2021","0:44:26 ","NPQ_2",0.601083751693362,300
"409"," 12-6-2021 0:44:26 ",2021-06-12 00:44:26," 12-6-2021","0:44:26 ","NPQ_3",0.433913788181559,420
"410"," 12-6-2021 0:44:26 ",2021-06-12 00:44:26," 12-6-2021","0:44:26 ","NPQ_4",0.334750548063509,600
"411"," 12-6-2021 0:44:26 ",2021-06-12 00:44:26," 12-6-2021","0:44:26 ","NPQ_5",0.25614254454517,1200
"412"," 12-6-2021 0:44:26 ",2021-06-12 00:44:26," 12-6-2021","0:44:26 ","NPQ_6",0.202321823948298,1800
"413"," 12-6-2021 0:44:26 ",2021-06-12 00:44:26," 12-6-2021","0:44:26 ","NPQ_7",0.177173658307945,2400
"414"," 13-6-2021 22:59:17 ",2021-06-13 22:59:17," 13-6-2021","22:59:17 ","NPQ_1",1.86776236429433,120
"415"," 13-6-2021 22:59:17 ",2021-06-13 22:59:17," 13-6-2021","22:59:17 ","NPQ_2",0.89319131992833,300
"416"," 13-6-2021 22:59:17 ",2021-06-13 22:59:17," 13-6-2021","22:59:17 ","NPQ_3",0.681014672087679,420
"417"," 13-6-2021 22:59:17 ",2021-06-13 22:59:17," 13-6-2021","22:59:17 ","NPQ_4",0.602679700008427,600
"418"," 13-6-2021 22:59:17 ",2021-06-13 22:59:17," 13-6-2021","22:59:17 ","NPQ_5",0.551684751570531,1200
"419"," 13-6-2021 22:59:17 ",2021-06-13 22:59:17," 13-6-2021","22:59:17 ","NPQ_6",0.500039435286695,1800
"420"," 13-6-2021 22:59:17 ",2021-06-13 22:59:17," 13-6-2021","22:59:17 ","NPQ_7",0.447963456414161,2400
"421"," 13-6-2021 23:10:47 ",2021-06-13 23:10:47," 13-6-2021","23:10:47 ","NPQ_1",1.70237306111627,120
"422"," 13-6-2021 23:10:47 ",2021-06-13 23:10:47," 13-6-2021","23:10:47 ","NPQ_2",0.899897474135521,300
"423"," 13-6-2021 23:10:47 ",2021-06-13 23:10:47," 13-6-2021","23:10:47 ","NPQ_3",0.685463866380023,420
"424"," 13-6-2021 23:10:47 ",2021-06-13 23:10:47," 13-6-2021","23:10:47 ","NPQ_4",0.587291699112288,600
"425"," 13-6-2021 23:10:47 ",2021-06-13 23:10:47," 13-6-2021","23:10:47 ","NPQ_5",0.521761851437103,1200
"426"," 13-6-2021 23:10:47 ",2021-06-13 23:10:47," 13-6-2021","23:10:47 ","NPQ_6",0.468376314652067,1800
"427"," 13-6-2021 23:10:47 ",2021-06-13 23:10:47," 13-6-2021","23:10:47 ","NPQ_7",0.418510786360473,2400
"428"," 13-6-2021 23:22:31 ",2021-06-13 23:22:31," 13-6-2021","23:22:31 ","NPQ_1",1.72340425531915,120
"429"," 13-6-2021 23:22:31 ",2021-06-13 23:22:31," 13-6-2021","23:22:31 ","NPQ_2",0.872283517218322,300
"430"," 13-6-2021 23:22:31 ",2021-06-13 23:22:31," 13-6-2021","23:22:31 ","NPQ_3",0.722546908643494,420
"431"," 13-6-2021 23:22:31 ",2021-06-13 23:22:31," 13-6-2021","23:22:31 ","NPQ_4",0.652282953455779,600
"432"," 13-6-2021 23:22:31 ",2021-06-13 23:22:31," 13-6-2021","23:22:31 ","NPQ_5",0.591248135256092,1200
"433"," 13-6-2021 23:22:31 ",2021-06-13 23:22:31," 13-6-2021","23:22:31 ","NPQ_6",0.544827586206897,1800
"434"," 13-6-2021 23:22:31 ",2021-06-13 23:22:31," 13-6-2021","23:22:31 ","NPQ_7",0.501038665147759,2400
"435"," 13-6-2021 23:34:24 ",2021-06-13 23:34:24," 13-6-2021","23:34:24 ","NPQ_1",1.60281073609031,120
"436"," 13-6-2021 23:34:24 ",2021-06-13 23:34:24," 13-6-2021","23:34:24 ","NPQ_2",0.678677563150074,300
"437"," 13-6-2021 23:34:24 ",2021-06-13 23:34:24," 13-6-2021","23:34:24 ","NPQ_3",0.478730366492147,420
"438"," 13-6-2021 23:34:24 ",2021-06-13 23:34:24," 13-6-2021","23:34:24 ","NPQ_4",0.406823983562667,600
"439"," 13-6-2021 23:34:24 ",2021-06-13 23:34:24," 13-6-2021","23:34:24 ","NPQ_5",0.36007945584783,1200
"440"," 13-6-2021 23:34:24 ",2021-06-13 23:34:24," 13-6-2021","23:34:24 ","NPQ_6",0.326308992721296,1800
"441"," 13-6-2021 23:34:24 ",2021-06-13 23:34:24," 13-6-2021","23:34:24 ","NPQ_7",0.30395891043398,2400
"442"," 13-6-2021 23:46:02 ",2021-06-13 23:46:02," 13-6-2021","23:46:02 ","NPQ_1",2.06818980667838,120
"443"," 13-6-2021 23:46:02 ",2021-06-13 23:46:02," 13-6-2021","23:46:02 ","NPQ_2",1.08952722920407,300
"444"," 13-6-2021 23:46:02 ",2021-06-13 23:46:02," 13-6-2021","23:46:02 ","NPQ_3",0.795905771011213,420
"445"," 13-6-2021 23:46:02 ",2021-06-13 23:46:02," 13-6-2021","23:46:02 ","NPQ_4",0.662508332539758,600
"446"," 13-6-2021 23:46:02 ",2021-06-13 23:46:02," 13-6-2021","23:46:02 ","NPQ_5",0.588824171823808,1200
"447"," 13-6-2021 23:46:02 ",2021-06-13 23:46:02," 13-6-2021","23:46:02 ","NPQ_6",0.516899817534104,1800
"448"," 13-6-2021 23:46:02 ",2021-06-13 23:46:02," 13-6-2021","23:46:02 ","NPQ_7",0.455197132616487,2400
"449"," 13-6-2021 23:58:37 ",2021-06-13 23:58:37," 13-6-2021","23:58:37 ","NPQ_1",1.39924050632911,120
"450"," 13-6-2021 23:58:37 ",2021-06-13 23:58:37," 13-6-2021","23:58:37 ","NPQ_2",0.714673421385924,300
"451"," 13-6-2021 23:58:37 ",2021-06-13 23:58:37," 13-6-2021","23:58:37 ","NPQ_3",0.538224314234702,420
"452"," 13-6-2021 23:58:37 ",2021-06-13 23:58:37," 13-6-2021","23:58:37 ","NPQ_4",0.435909090909091,600
"453"," 13-6-2021 23:58:37 ",2021-06-13 23:58:37," 13-6-2021","23:58:37 ","NPQ_5",0.346451658734105,1200
"454"," 13-6-2021 23:58:37 ",2021-06-13 23:58:37," 13-6-2021","23:58:37 ","NPQ_6",0.284146341463415,1800
"455"," 13-6-2021 23:58:37 ",2021-06-13 23:58:37," 13-6-2021","23:58:37 ","NPQ_7",0.253737266834237,2400
"456"," 14-6-2021 0:10:56 ",2021-06-14 00:10:56," 14-6-2021","0:10:56 ","NPQ_1",1.62192788815305,120
"457"," 14-6-2021 0:10:56 ",2021-06-14 00:10:56," 14-6-2021","0:10:56 ","NPQ_2",0.773442166036233,300
"458"," 14-6-2021 0:10:56 ",2021-06-14 00:10:56," 14-6-2021","0:10:56 ","NPQ_3",0.565691185517181,420
"459"," 14-6-2021 0:10:56 ",2021-06-14 00:10:56," 14-6-2021","0:10:56 ","NPQ_4",0.473127170497767,600
"460"," 14-6-2021 0:10:56 ",2021-06-14 00:10:56," 14-6-2021","0:10:56 ","NPQ_5",0.405158135499645,1200
"461"," 14-6-2021 0:10:56 ",2021-06-14 00:10:56," 14-6-2021","0:10:56 ","NPQ_6",0.339851094231782,1800
"462"," 14-6-2021 0:10:56 ",2021-06-14 00:10:56," 14-6-2021","0:10:56 ","NPQ_7",0.292419296336598,2400
"463"," 14-6-2021 0:22:14 ",2021-06-14 00:22:14," 14-6-2021","0:22:14 ","NPQ_1",1.3175660670664,120
"464"," 14-6-2021 0:22:14 ",2021-06-14 00:22:14," 14-6-2021","0:22:14 ","NPQ_2",0.721118166075699,300
"465"," 14-6-2021 0:22:14 ",2021-06-14 00:22:14," 14-6-2021","0:22:14 ","NPQ_3",0.543216266173752,420
"466"," 14-6-2021 0:22:14 ",2021-06-14 00:22:14," 14-6-2021","0:22:14 ","NPQ_4",0.436278557665841,600
"467"," 14-6-2021 0:22:14 ",2021-06-14 00:22:14," 14-6-2021","0:22:14 ","NPQ_5",0.354445165476963,1200
"468"," 14-6-2021 0:22:14 ",2021-06-14 00:22:14," 14-6-2021","0:22:14 ","NPQ_6",0.294307329777998,1800
"469"," 14-6-2021 0:22:14 ",2021-06-14 00:22:14," 14-6-2021","0:22:14 ","NPQ_7",0.271287611158485,2400
"470"," 14-6-2021 16:26:53 ",2021-06-14 16:26:53," 14-6-2021","16:26:53 ","NPQ_1",1.40131134895381,120
"471"," 14-6-2021 16:26:53 ",2021-06-14 16:26:53," 14-6-2021","16:26:53 ","NPQ_2",0.850222882615156,300
"472"," 14-6-2021 16:26:53 ",2021-06-14 16:26:53," 14-6-2021","16:26:53 ","NPQ_3",0.661595943421404,420
"473"," 14-6-2021 16:26:53 ",2021-06-14 16:26:53," 14-6-2021","16:26:53 ","NPQ_4",0.535104481291993,600
"474"," 14-6-2021 16:26:53 ",2021-06-14 16:26:53," 14-6-2021","16:26:53 ","NPQ_5",0.45628910590024,1200
"475"," 14-6-2021 16:26:53 ",2021-06-14 16:26:53," 14-6-2021","16:26:53 ","NPQ_6",0.41067180242438,1800
"476"," 14-6-2021 16:26:53 ",2021-06-14 16:26:53," 14-6-2021","16:26:53 ","NPQ_7",0.382710565765366,2400
"477"," 14-6-2021 16:38:13 ",2021-06-14 16:38:13," 14-6-2021","16:38:13 ","NPQ_1",1.33937725460414,120
"478"," 14-6-2021 16:38:13 ",2021-06-14 16:38:13," 14-6-2021","16:38:13 ","NPQ_2",0.848687171792948,300
"479"," 14-6-2021 16:38:13 ",2021-06-14 16:38:13," 14-6-2021","16:38:13 ","NPQ_3",0.695774841728599,420
"480"," 14-6-2021 16:38:13 ",2021-06-14 16:38:13," 14-6-2021","16:38:13 ","NPQ_4",0.589050812483879,600
"481"," 14-6-2021 16:38:13 ",2021-06-14 16:38:13," 14-6-2021","16:38:13 ","NPQ_5",0.512954322200393,1200
"482"," 14-6-2021 16:38:13 ",2021-06-14 16:38:13," 14-6-2021","16:38:13 ","NPQ_6",0.460499022106324,1800
"483"," 14-6-2021 16:38:13 ",2021-06-14 16:38:13," 14-6-2021","16:38:13 ","NPQ_7",0.424780296022202,2400
"484"," 14-6-2021 16:51:15 ",2021-06-14 16:51:15," 14-6-2021","16:51:15 ","NPQ_1",1.41987341772152,120
"485"," 14-6-2021 16:51:15 ",2021-06-14 16:51:15," 14-6-2021","16:51:15 ","NPQ_2",0.814790203151699,300
"486"," 14-6-2021 16:51:15 ",2021-06-14 16:51:15," 14-6-2021","16:51:15 ","NPQ_3",0.615430116613149,420
"487"," 14-6-2021 16:51:15 ",2021-06-14 16:51:15," 14-6-2021","16:51:15 ","NPQ_4",0.500078468298807,600
"488"," 14-6-2021 16:51:15 ",2021-06-14 16:51:15," 14-6-2021","16:51:15 ","NPQ_5",0.430698997156114,1200
"489"," 14-6-2021 16:51:15 ",2021-06-14 16:51:15," 14-6-2021","16:51:15 ","NPQ_6",0.377107045094367,1800
"490"," 14-6-2021 16:51:15 ",2021-06-14 16:51:15," 14-6-2021","16:51:15 ","NPQ_7",0.34248595505618,2400
"491"," 14-6-2021 17:02:29 ",2021-06-14 17:02:29," 14-6-2021","17:02:29 ","NPQ_1",0.842688734483566,120
"492"," 14-6-2021 17:02:29 ",2021-06-14 17:02:29," 14-6-2021","17:02:29 ","NPQ_2",0.65379764573991,300
"493"," 14-6-2021 17:02:29 ",2021-06-14 17:02:29," 14-6-2021","17:02:29 ","NPQ_3",0.554567608509517,420
"494"," 14-6-2021 17:02:29 ",2021-06-14 17:02:29," 14-6-2021","17:02:29 ","NPQ_4",0.451956200787402,600
"495"," 14-6-2021 17:02:29 ",2021-06-14 17:02:29," 14-6-2021","17:02:29 ","NPQ_5",0.382880243730959,1200
"496"," 14-6-2021 17:02:29 ",2021-06-14 17:02:29," 14-6-2021","17:02:29 ","NPQ_6",0.354470331688282,1800
"497"," 14-6-2021 17:02:29 ",2021-06-14 17:02:29," 14-6-2021","17:02:29 ","NPQ_7",0.344440647072226,2400
"498"," 14-6-2021 17:13:29 ",2021-06-14 17:13:29," 14-6-2021","17:13:29 ","NPQ_1",1.70198955834627,120
"499"," 14-6-2021 17:13:29 ",2021-06-14 17:13:29," 14-6-2021","17:13:29 ","NPQ_2",1.02399323538738,300
"500"," 14-6-2021 17:13:29 ",2021-06-14 17:13:29," 14-6-2021","17:13:29 ","NPQ_3",0.801241651773116,420
"501"," 14-6-2021 17:13:29 ",2021-06-14 17:13:29," 14-6-2021","17:13:29 ","NPQ_4",0.678117605818947,600
"502"," 14-6-2021 17:13:29 ",2021-06-14 17:13:29," 14-6-2021","17:13:29 ","NPQ_5",0.604844116661079,1200
"503"," 14-6-2021 17:13:29 ",2021-06-14 17:13:29," 14-6-2021","17:13:29 ","NPQ_6",0.554049667261808,1800
"504"," 14-6-2021 17:13:29 ",2021-06-14 17:13:29," 14-6-2021","17:13:29 ","NPQ_7",0.506371932032725,2400
"505"," 14-6-2021 17:24:58 ",2021-06-14 17:24:58," 14-6-2021","17:24:58 ","NPQ_1",1.47817365555449,120
"506"," 14-6-2021 17:24:58 ",2021-06-14 17:24:58," 14-6-2021","17:24:58 ","NPQ_2",0.873212996389892,300
"507"," 14-6-2021 17:24:58 ",2021-06-14 17:24:58," 14-6-2021","17:24:58 ","NPQ_3",0.753802474143176,420
"508"," 14-6-2021 17:24:58 ",2021-06-14 17:24:58," 14-6-2021","17:24:58 ","NPQ_4",0.66596031593142,600
"509"," 14-6-2021 17:24:58 ",2021-06-14 17:24:58," 14-6-2021","17:24:58 ","NPQ_5",0.589608479872557,1200
"510"," 14-6-2021 17:24:58 ",2021-06-14 17:24:58," 14-6-2021","17:24:58 ","NPQ_6",0.5258483796977,1800
"511"," 14-6-2021 17:24:58 ",2021-06-14 17:24:58," 14-6-2021","17:24:58 ","NPQ_7",0.477785372522215,2400
"512"," 14-6-2021 17:35:57 ",2021-06-14 17:35:57," 14-6-2021","17:35:57 ","NPQ_1",1.6794289422453,120
"513"," 14-6-2021 17:35:57 ",2021-06-14 17:35:57," 14-6-2021","17:35:57 ","NPQ_2",0.86225870467256,300
"514"," 14-6-2021 17:35:57 ",2021-06-14 17:35:57," 14-6-2021","17:35:57 ","NPQ_3",0.693323490813648,420
"515"," 14-6-2021 17:35:57 ",2021-06-14 17:35:57," 14-6-2021","17:35:57 ","NPQ_4",0.591504779525131,600
"516"," 14-6-2021 17:35:57 ",2021-06-14 17:35:57," 14-6-2021","17:35:57 ","NPQ_5",0.511900402782863,1200
"517"," 14-6-2021 17:35:57 ",2021-06-14 17:35:57," 14-6-2021","17:35:57 ","NPQ_6",0.439980470112297,1800
"518"," 14-6-2021 17:35:57 ",2021-06-14 17:35:57," 14-6-2021","17:35:57 ","NPQ_7",0.389487144972405,2400
"519"," 14-6-2021 17:47:15 ",2021-06-14 17:47:15," 14-6-2021","17:47:15 ","NPQ_1",1.64454336975583,120
"520"," 14-6-2021 17:47:15 ",2021-06-14 17:47:15," 14-6-2021","17:47:15 ","NPQ_2",0.902192897341355,300
"521"," 14-6-2021 17:47:15 ",2021-06-14 17:47:15," 14-6-2021","17:47:15 ","NPQ_3",0.651976068087975,420
"522"," 14-6-2021 17:47:15 ",2021-06-14 17:47:15," 14-6-2021","17:47:15 ","NPQ_4",0.526553496340134,600
"523"," 14-6-2021 17:47:15 ",2021-06-14 17:47:15," 14-6-2021","17:47:15 ","NPQ_5",0.44604263480121,1200
"524"," 14-6-2021 17:47:15 ",2021-06-14 17:47:15," 14-6-2021","17:47:15 ","NPQ_6",0.392626269801804,1800
"525"," 14-6-2021 17:47:15 ",2021-06-14 17:47:15," 14-6-2021","17:47:15 ","NPQ_7",0.361199833356478,2400
"526"," 16-6-2021 22:38:59 ",2021-06-16 22:38:59," 16-6-2021","22:38:59 ","NPQ_1",1.72038111019056,120
"527"," 16-6-2021 22:38:59 ",2021-06-16 22:38:59," 16-6-2021","22:38:59 ","NPQ_2",1.00979342004591,300
"528"," 16-6-2021 22:38:59 ",2021-06-16 22:38:59," 16-6-2021","22:38:59 ","NPQ_3",0.878969957081545,420
"529"," 16-6-2021 22:38:59 ",2021-06-16 22:38:59," 16-6-2021","22:38:59 ","NPQ_4",0.779674796747967,600
"530"," 16-6-2021 22:38:59 ",2021-06-16 22:38:59," 16-6-2021","22:38:59 ","NPQ_5",0.686765555769601,1200
"531"," 16-6-2021 22:38:59 ",2021-06-16 22:38:59," 16-6-2021","22:38:59 ","NPQ_6",0.628922237380628,1800
"532"," 16-6-2021 22:38:59 ",2021-06-16 22:38:59," 16-6-2021","22:38:59 ","NPQ_7",0.59674183940186,2400
"533"," 16-6-2021 22:54:30 ",2021-06-16 22:54:30," 16-6-2021","22:54:30 ","NPQ_1",1.4783238604703,120
"534"," 16-6-2021 22:54:30 ",2021-06-16 22:54:30," 16-6-2021","22:54:30 ","NPQ_2",0.92137549680318,300
"535"," 16-6-2021 22:54:30 ",2021-06-16 22:54:30," 16-6-2021","22:54:30 ","NPQ_3",0.744978028876334,420
"536"," 16-6-2021 22:54:30 ",2021-06-16 22:54:30," 16-6-2021","22:54:30 ","NPQ_4",0.620845481049563,600
"537"," 16-6-2021 22:54:30 ",2021-06-16 22:54:30," 16-6-2021","22:54:30 ","NPQ_5",0.533655172413793,1200
"538"," 16-6-2021 22:54:30 ",2021-06-16 22:54:30," 16-6-2021","22:54:30 ","NPQ_6",0.48699431628218,1800
"539"," 16-6-2021 22:54:30 ",2021-06-16 22:54:30," 16-6-2021","22:54:30 ","NPQ_7",0.474179648657607,2400
"540"," 16-6-2021 23:23:14 ",2021-06-16 23:23:14," 16-6-2021","23:23:14 ","NPQ_1",1.8367511057499,120
"541"," 16-6-2021 23:23:14 ",2021-06-16 23:23:14," 16-6-2021","23:23:14 ","NPQ_2",1.13787878787879,300
"542"," 16-6-2021 23:23:14 ",2021-06-16 23:23:14," 16-6-2021","23:23:14 ","NPQ_3",0.808278867102396,420
"543"," 16-6-2021 23:23:14 ",2021-06-16 23:23:14," 16-6-2021","23:23:14 ","NPQ_4",0.64394733776069,600
"544"," 16-6-2021 23:23:14 ",2021-06-16 23:23:14," 16-6-2021","23:23:14 ","NPQ_5",0.550038448863012,1200
"545"," 16-6-2021 23:23:14 ",2021-06-16 23:23:14," 16-6-2021","23:23:14 ","NPQ_6",0.476250261560996,1800
"546"," 16-6-2021 23:23:14 ",2021-06-16 23:23:14," 16-6-2021","23:23:14 ","NPQ_7",0.409168081494058,2400
"547"," 16-6-2021 23:38:13 ",2021-06-16 23:38:13," 16-6-2021","23:38:13 ","NPQ_1",1.86432946696207,120
"548"," 16-6-2021 23:38:13 ",2021-06-16 23:38:13," 16-6-2021","23:38:13 ","NPQ_2",0.847045970249601,300
"549"," 16-6-2021 23:38:13 ",2021-06-16 23:38:13," 16-6-2021","23:38:13 ","NPQ_3",0.681560826319816,420
"550"," 16-6-2021 23:38:13 ",2021-06-16 23:38:13," 16-6-2021","23:38:13 ","NPQ_4",0.617337552432114,600
"551"," 16-6-2021 23:38:13 ",2021-06-16 23:38:13," 16-6-2021","23:38:13 ","NPQ_5",0.568512703397088,1200
"552"," 16-6-2021 23:38:13 ",2021-06-16 23:38:13," 16-6-2021","23:38:13 ","NPQ_6",0.532956685499058,1800
"553"," 16-6-2021 23:38:13 ",2021-06-16 23:38:13," 16-6-2021","23:38:13 ","NPQ_7",0.502255639097744,2400
"554"," 16-6-2021 23:50:51 ",2021-06-16 23:50:51," 16-6-2021","23:50:51 ","NPQ_1",1.63635153129161,120
"555"," 16-6-2021 23:50:51 ",2021-06-16 23:50:51," 16-6-2021","23:50:51 ","NPQ_2",0.785946238499008,300
"556"," 16-6-2021 23:50:51 ",2021-06-16 23:50:51," 16-6-2021","23:50:51 ","NPQ_3",0.650329248978911,420
"557"," 16-6-2021 23:50:51 ",2021-06-16 23:50:51," 16-6-2021","23:50:51 ","NPQ_4",0.549581278860452,600
"558"," 16-6-2021 23:50:51 ",2021-06-16 23:50:51," 16-6-2021","23:50:51 ","NPQ_5",0.456880058866814,1200
"559"," 16-6-2021 23:50:51 ",2021-06-16 23:50:51," 16-6-2021","23:50:51 ","NPQ_6",0.377800974251914,1800
"560"," 16-6-2021 23:50:51 ",2021-06-16 23:50:51," 16-6-2021","23:50:51 ","NPQ_7",0.329684351914036,2400
"561"," 17-6-2021 0:07:34 ",2021-06-17 00:07:34," 17-6-2021","0:07:34 ","NPQ_1",1.68355830936048,120
"562"," 17-6-2021 0:07:34 ",2021-06-17 00:07:34," 17-6-2021","0:07:34 ","NPQ_2",1.22024899304284,300
"563"," 17-6-2021 0:07:34 ",2021-06-17 00:07:34," 17-6-2021","0:07:34 ","NPQ_3",0.942806792694649,420
"564"," 17-6-2021 0:07:34 ",2021-06-17 00:07:34," 17-6-2021","0:07:34 ","NPQ_4",0.767784256559767,600
"565"," 17-6-2021 0:07:34 ",2021-06-17 00:07:34," 17-6-2021","0:07:34 ","NPQ_5",0.657826384142174,1200
"566"," 17-6-2021 0:07:34 ",2021-06-17 00:07:34," 17-6-2021","0:07:34 ","NPQ_6",0.567200827087103,1800
"567"," 17-6-2021 0:07:34 ",2021-06-17 00:07:34," 17-6-2021","0:07:34 ","NPQ_7",0.492002952755905,2400
"568"," 17-6-2021 17:31:24 ",2021-06-17 17:31:24," 17-6-2021","17:31:24 ","NPQ_1",1.1257248508278,120
"569"," 17-6-2021 17:31:24 ",2021-06-17 17:31:24," 17-6-2021","17:31:24 ","NPQ_2",0.706172006745363,300
"570"," 17-6-2021 17:31:24 ",2021-06-17 17:31:24," 17-6-2021","17:31:24 ","NPQ_3",0.614167198468411,420
"571"," 17-6-2021 17:31:24 ",2021-06-17 17:31:24," 17-6-2021","17:31:24 ","NPQ_4",0.555979330708661,600
"572"," 17-6-2021 17:31:24 ",2021-06-17 17:31:24," 17-6-2021","17:31:24 ","NPQ_5",0.53455074925681,1200
"573"," 17-6-2021 17:31:24 ",2021-06-17 17:31:24," 17-6-2021","17:31:24 ","NPQ_6",0.531484620973601,1800
"574"," 17-6-2021 17:31:24 ",2021-06-17 17:31:24," 17-6-2021","17:31:24 ","NPQ_7",0.537535712114765,2400
"575"," 17-6-2021 17:43:03 ",2021-06-17 17:43:03," 17-6-2021","17:43:03 ","NPQ_1",1.57100785340314,120
"576"," 17-6-2021 17:43:03 ",2021-06-17 17:43:03," 17-6-2021","17:43:03 ","NPQ_2",0.902882053766045,300
"577"," 17-6-2021 17:43:03 ",2021-06-17 17:43:03," 17-6-2021","17:43:03 ","NPQ_3",0.7261808861223,420
"578"," 17-6-2021 17:43:03 ",2021-06-17 17:43:03," 17-6-2021","17:43:03 ","NPQ_4",0.647745543516253,600
"579"," 17-6-2021 17:43:03 ",2021-06-17 17:43:03," 17-6-2021","17:43:03 ","NPQ_5",0.600420966865834,1200
"580"," 17-6-2021 17:43:03 ",2021-06-17 17:43:03," 17-6-2021","17:43:03 ","NPQ_6",0.56930758988016,1800
"581"," 17-6-2021 17:43:03 ",2021-06-17 17:43:03," 17-6-2021","17:43:03 ","NPQ_7",0.542604712041885,2400
"582"," 17-6-2021 17:56:08 ",2021-06-17 17:56:08," 17-6-2021","17:56:08 ","NPQ_1",1.68503269556793,120
"583"," 17-6-2021 17:56:08 ",2021-06-17 17:56:08," 17-6-2021","17:56:08 ","NPQ_2",0.82839943926775,300
"584"," 17-6-2021 17:56:08 ",2021-06-17 17:56:08," 17-6-2021","17:56:08 ","NPQ_3",0.683982683982684,420
"585"," 17-6-2021 17:56:08 ",2021-06-17 17:56:08," 17-6-2021","17:56:08 ","NPQ_4",0.612347294938918,600
"586"," 17-6-2021 17:56:08 ",2021-06-17 17:56:08," 17-6-2021","17:56:08 ","NPQ_5",0.557202050705808,1200
"587"," 17-6-2021 17:56:08 ",2021-06-17 17:56:08," 17-6-2021","17:56:08 ","NPQ_6",0.498884607584668,1800
"588"," 17-6-2021 17:56:08 ",2021-06-17 17:56:08," 17-6-2021","17:56:08 ","NPQ_7",0.451112565445026,2400
