"","ID","names","NPQ","Pulse","pulsesetDIFF","Pulse2"
"1",1,"NPQ_1",1.13670155704715,60,60,240
"2",1,"NPQ_2",1.00380557648888,120,120,480
"3",1,"NPQ_3",0.827918461970386,180,300,720
"4",1,"NPQ_4",0.726263382171812,240,600,960
"5",1,"NPQ_5",0.63506167893278,300,900,1200
"6",1,"NPQ_6",0.497070497057708,600,1200,1440
"7",1,"NPQ_7",0.415348108408268,900,1500,1680
"8",1,"NPQ_8",0.343013157446672,1500,1800,1920
"9",1,"NPQ_9",0.301690255504725,1800,2100,2160
"10",1,"NPQ_10",0.272129345466061,2400,2400,2400
"11",2,"NPQ_1",1.147940609997,60,60,240
"12",2,"NPQ_2",1.00150432607515,120,120,480
"13",2,"NPQ_3",0.835413833633453,180,300,720
"14",2,"NPQ_4",0.72504314796357,240,600,960
"15",2,"NPQ_5",0.635523954115448,300,900,1200
"16",2,"NPQ_6",0.499801848124364,600,1200,1440
"17",2,"NPQ_7",0.41137969088823,900,1500,1680
"18",2,"NPQ_8",0.351615691847684,1500,1800,1920
"19",2,"NPQ_9",0.297168694249169,1800,2100,2160
"20",2,"NPQ_10",0.274369968723198,2400,2400,2400
"21",3,"NPQ_1",1.14442652514945,60,60,240
"22",3,"NPQ_2",1.00392638988537,120,120,480
"23",3,"NPQ_3",0.826354921961079,180,300,720
"24",3,"NPQ_4",0.725435461810803,240,600,960
"25",3,"NPQ_5",0.633587213672049,300,900,1200
"26",3,"NPQ_6",0.505674851159083,600,1200,1440
"27",3,"NPQ_7",0.412152684475056,900,1500,1680
"28",3,"NPQ_8",0.346389740226043,1500,1800,1920
"29",3,"NPQ_9",0.302324231356144,1800,2100,2160
"30",3,"NPQ_10",0.276404995875886,2400,2400,2400
"31",4,"NPQ_1",1.13720426370289,60,60,240
"32",4,"NPQ_2",0.988743417129073,120,120,480
"33",4,"NPQ_3",0.827269239214042,180,300,720
"34",4,"NPQ_4",0.725816974570006,240,600,960
"35",4,"NPQ_5",0.631472624916324,300,900,1200
"36",4,"NPQ_6",0.498709795036959,600,1200,1440
"37",4,"NPQ_7",0.419884969200279,900,1500,1680
"38",4,"NPQ_8",0.346688529858833,1500,1800,1920
"39",4,"NPQ_9",0.305926977049116,1800,2100,2160
"40",4,"NPQ_10",0.274903052892456,2400,2400,2400
"41",5,"NPQ_1",1.1336947727952,60,60,240
"42",5,"NPQ_2",0.99797466162854,120,120,480
"43",5,"NPQ_3",0.830300363179218,180,300,720
"44",5,"NPQ_4",0.732174396721348,240,600,960
"45",5,"NPQ_5",0.632062226313692,300,900,1200
"46",5,"NPQ_6",0.49272703709738,600,1200,1440
"47",5,"NPQ_7",0.413329158253874,900,1500,1680
"48",5,"NPQ_8",0.351529901891756,1500,1800,1920
"49",5,"NPQ_9",0.298759786400166,1800,2100,2160
"50",5,"NPQ_10",0.273805073170479,2400,2400,2400
"51",6,"NPQ_1",1.13847568680647,60,60,240
"52",6,"NPQ_2",0.99913415687309,120,120,480
"53",6,"NPQ_3",0.83852149181708,180,300,720
"54",6,"NPQ_4",0.73465964640901,240,600,960
"55",6,"NPQ_5",0.620580315277563,300,900,1200
"56",6,"NPQ_6",0.504182201489313,600,1200,1440
"57",6,"NPQ_7",0.411993656845344,900,1500,1680
"58",6,"NPQ_8",0.35450962891335,1500,1800,1920
"59",6,"NPQ_9",0.305859081134967,1800,2100,2160
"60",6,"NPQ_10",0.275452673342222,2400,2400,2400
"61",7,"NPQ_1",1.13040768346825,60,60,240
"62",7,"NPQ_2",0.999298910165082,120,120,480
"63",7,"NPQ_3",0.830766715704401,180,300,720
"64",7,"NPQ_4",0.724070801186383,240,600,960
"65",7,"NPQ_5",0.638092203315104,300,900,1200
"66",7,"NPQ_6",0.50388197211231,600,1200,1440
"67",7,"NPQ_7",0.419570017246572,900,1500,1680
"68",7,"NPQ_8",0.349418435513873,1500,1800,1920
"69",7,"NPQ_9",0.315084745054163,1800,2100,2160
"70",7,"NPQ_10",0.276087646836383,2400,2400,2400
"71",8,"NPQ_1",1.14688946283322,60,60,240
"72",8,"NPQ_2",1.00137456324349,120,120,480
"73",8,"NPQ_3",0.830162274662706,180,300,720
"74",8,"NPQ_4",0.735630267489788,240,600,960
"75",8,"NPQ_5",0.625262496173745,300,900,1200
"76",8,"NPQ_6",0.501463231934495,600,1200,1440
"77",8,"NPQ_7",0.417391641164988,900,1500,1680
"78",8,"NPQ_8",0.357597226703771,1500,1800,1920
"79",8,"NPQ_9",0.300599267836556,1800,2100,2160
"80",8,"NPQ_10",0.271678946354055,2400,2400,2400
"81",9,"NPQ_1",1.13854819161533,60,60,240
"82",9,"NPQ_2",0.992781095968296,120,120,480
"83",9,"NPQ_3",0.827152764820632,180,300,720
"84",9,"NPQ_4",0.72538223267228,240,600,960
"85",9,"NPQ_5",0.634317465475309,300,900,1200
"86",9,"NPQ_6",0.503952756303414,600,1200,1440
"87",9,"NPQ_7",0.424254662164979,900,1500,1680
"88",9,"NPQ_8",0.339263765238971,1500,1800,1920
"89",9,"NPQ_9",0.302177877974721,1800,2100,2160
"90",9,"NPQ_10",0.282631287009297,2400,2400,2400
"91",10,"NPQ_1",1.13988953246292,60,60,240
"92",10,"NPQ_2",0.997888845622612,120,120,480
"93",10,"NPQ_3",0.827225260776056,180,300,720
"94",10,"NPQ_4",0.730174839262655,240,600,960
"95",10,"NPQ_5",0.635063191030027,300,900,1200
"96",10,"NPQ_6",0.510776053601567,600,1200,1440
"97",10,"NPQ_7",0.42747124975976,900,1500,1680
"98",10,"NPQ_8",0.348488958133708,1500,1800,1920
"99",10,"NPQ_9",0.297414053173718,1800,2100,2160
"100",10,"NPQ_10",0.27073699619449,2400,2400,2400
"101",11,"NPQ_1",1.14556604774574,60,60,240
"102",11,"NPQ_2",0.99258198734472,120,120,480
"103",11,"NPQ_3",0.821513342503707,180,300,720
"104",11,"NPQ_4",0.734463842101173,240,600,960
"105",11,"NPQ_5",0.622246461925328,300,900,1200
"106",11,"NPQ_6",0.498497657862586,600,1200,1440
"107",11,"NPQ_7",0.410499581418311,900,1500,1680
"108",11,"NPQ_8",0.345926083176526,1500,1800,1920
"109",11,"NPQ_9",0.308979216428398,1800,2100,2160
"110",11,"NPQ_10",0.280178422829049,2400,2400,2400
"111",12,"NPQ_1",1.14549261791533,60,60,240
"112",12,"NPQ_2",0.994634780246055,120,120,480
"113",12,"NPQ_3",0.830938152517981,180,300,720
"114",12,"NPQ_4",0.731676479832019,240,600,960
"115",12,"NPQ_5",0.629368460621548,300,900,1200
"116",12,"NPQ_6",0.504916840337369,600,1200,1440
"117",12,"NPQ_7",0.42195281638084,900,1500,1680
"118",12,"NPQ_8",0.359121859690735,1500,1800,1920
"119",12,"NPQ_9",0.307126709219856,1800,2100,2160
"120",12,"NPQ_10",0.277794470650398,2400,2400,2400
"121",13,"NPQ_1",1.14216159492507,60,60,240
"122",13,"NPQ_2",0.997920455764149,120,120,480
"123",13,"NPQ_3",0.82968778688782,180,300,720
"124",13,"NPQ_4",0.736084179656585,240,600,960
"125",13,"NPQ_5",0.629351622559073,300,900,1200
"126",13,"NPQ_6",0.499907359247549,600,1200,1440
"127",13,"NPQ_7",0.418798670810914,900,1500,1680
"128",13,"NPQ_8",0.34525624834668,1500,1800,1920
"129",13,"NPQ_9",0.304777245688658,1800,2100,2160
"130",13,"NPQ_10",0.277609405736225,2400,2400,2400
"131",14,"NPQ_1",1.14452115566475,60,60,240
"132",14,"NPQ_2",0.993026512043038,120,120,480
"133",14,"NPQ_3",0.824581760888394,180,300,720
"134",14,"NPQ_4",0.72651313912102,240,600,960
"135",14,"NPQ_5",0.631374122141002,300,900,1200
"136",14,"NPQ_6",0.501108588117087,600,1200,1440
"137",14,"NPQ_7",0.409477437856169,900,1500,1680
"138",14,"NPQ_8",0.35084009047649,1500,1800,1920
"139",14,"NPQ_9",0.30245874178827,1800,2100,2160
"140",14,"NPQ_10",0.277622929520237,2400,2400,2400
"141",15,"NPQ_1",1.14401487492483,60,60,240
"142",15,"NPQ_2",0.999710979890357,120,120,480
"143",15,"NPQ_3",0.833076847996596,180,300,720
"144",15,"NPQ_4",0.731913069250647,240,600,960
"145",15,"NPQ_5",0.626945563002519,300,900,1200
"146",15,"NPQ_6",0.50611430077005,600,1200,1440
"147",15,"NPQ_7",0.408849038016559,900,1500,1680
"148",15,"NPQ_8",0.341781831075377,1500,1800,1920
"149",15,"NPQ_9",0.305108214827458,1800,2100,2160
"150",15,"NPQ_10",0.27738822339367,2400,2400,2400
"151",16,"NPQ_1",1.14419980117202,60,60,240
"152",16,"NPQ_2",0.999737304043236,120,120,480
"153",16,"NPQ_3",0.839450742675827,180,300,720
"154",16,"NPQ_4",0.730481766953582,240,600,960
"155",16,"NPQ_5",0.626363646497143,300,900,1200
"156",16,"NPQ_6",0.504119781835527,600,1200,1440
"157",16,"NPQ_7",0.410416680388148,900,1500,1680
"158",16,"NPQ_8",0.35456796472447,1500,1800,1920
"159",16,"NPQ_9",0.296171550067921,1800,2100,2160
"160",16,"NPQ_10",0.274839796810035,2400,2400,2400
"161",17,"NPQ_1",1.14350350056494,60,60,240
"162",17,"NPQ_2",0.990671754763332,120,120,480
"163",17,"NPQ_3",0.831065698421637,180,300,720
"164",17,"NPQ_4",0.724708858982671,240,600,960
"165",17,"NPQ_5",0.633275385673336,300,900,1200
"166",17,"NPQ_6",0.492455031901818,600,1200,1440
"167",17,"NPQ_7",0.414266779877929,900,1500,1680
"168",17,"NPQ_8",0.350787518551004,1500,1800,1920
"169",17,"NPQ_9",0.303680729143146,1800,2100,2160
"170",17,"NPQ_10",0.273365547815071,2400,2400,2400
"171",18,"NPQ_1",1.13758842168391,60,60,240
"172",18,"NPQ_2",1.00935748880049,120,120,480
"173",18,"NPQ_3",0.835975675054414,180,300,720
"174",18,"NPQ_4",0.7292262399593,240,600,960
"175",18,"NPQ_5",0.63226580423505,300,900,1200
"176",18,"NPQ_6",0.493157649939094,600,1200,1440
"177",18,"NPQ_7",0.408951184605559,900,1500,1680
"178",18,"NPQ_8",0.35243372161169,1500,1800,1920
"179",18,"NPQ_9",0.305188363964801,1800,2100,2160
"180",18,"NPQ_10",0.275928291112182,2400,2400,2400
"181",19,"NPQ_1",1.14153927184407,60,60,240
"182",19,"NPQ_2",1.00663858529812,120,120,480
"183",19,"NPQ_3",0.831010024814568,180,300,720
"184",19,"NPQ_4",0.725363640433354,240,600,960
"185",19,"NPQ_5",0.63972993363197,300,900,1200
"186",19,"NPQ_6",0.506901454665297,600,1200,1440
"187",19,"NPQ_7",0.406197929785207,900,1500,1680
"188",19,"NPQ_8",0.358324069091906,1500,1800,1920
"189",19,"NPQ_9",0.303838294247708,1800,2100,2160
"190",19,"NPQ_10",0.271838435046114,2400,2400,2400
"191",20,"NPQ_1",1.13963432729574,60,60,240
"192",20,"NPQ_2",0.996362371607448,120,120,480
"193",20,"NPQ_3",0.8383930815158,180,300,720
"194",20,"NPQ_4",0.7224231327314,240,600,960
"195",20,"NPQ_5",0.627402662677914,300,900,1200
"196",20,"NPQ_6",0.505566670342436,600,1200,1440
"197",20,"NPQ_7",0.411382916269991,900,1500,1680
"198",20,"NPQ_8",0.356160726158652,1500,1800,1920
"199",20,"NPQ_9",0.30277368246109,1800,2100,2160
"200",20,"NPQ_10",0.276269276725817,2400,2400,2400
"201",21,"NPQ_1",1.13718478947991,60,60,240
"202",21,"NPQ_2",0.997053590077932,120,120,480
"203",21,"NPQ_3",0.830335861651385,180,300,720
"204",21,"NPQ_4",0.721199220837347,240,600,960
"205",21,"NPQ_5",0.628104711132076,300,900,1200
"206",21,"NPQ_6",0.506147269456542,600,1200,1440
"207",21,"NPQ_7",0.415333294859976,900,1500,1680
"208",21,"NPQ_8",0.34958280561226,1500,1800,1920
"209",21,"NPQ_9",0.296953281789004,1800,2100,2160
"210",21,"NPQ_10",0.277852469454755,2400,2400,2400
"211",22,"NPQ_1",1.14120441899022,60,60,240
"212",22,"NPQ_2",0.998810704280763,120,120,480
"213",22,"NPQ_3",0.832912353024476,180,300,720
"214",22,"NPQ_4",0.729035033605962,240,600,960
"215",22,"NPQ_5",0.625234662078667,300,900,1200
"216",22,"NPQ_6",0.504430672133543,600,1200,1440
"217",22,"NPQ_7",0.417907441280631,900,1500,1680
"218",22,"NPQ_8",0.352661150134938,1500,1800,1920
"219",22,"NPQ_9",0.304412560915734,1800,2100,2160
"220",22,"NPQ_10",0.272995618031841,2400,2400,2400
"221",23,"NPQ_1",1.14263370262317,60,60,240
"222",23,"NPQ_2",1.00143890098332,120,120,480
"223",23,"NPQ_3",0.825726049704624,180,300,720
"224",23,"NPQ_4",0.731702239941229,240,600,960
"225",23,"NPQ_5",0.633291362116546,300,900,1200
"226",23,"NPQ_6",0.504135549161905,600,1200,1440
"227",23,"NPQ_7",0.409383991259629,900,1500,1680
"228",23,"NPQ_8",0.345610058212113,1500,1800,1920
"229",23,"NPQ_9",0.303914610612424,1800,2100,2160
"230",23,"NPQ_10",0.269175740434625,2400,2400,2400
"231",24,"NPQ_1",1.14105376307889,60,60,240
"232",24,"NPQ_2",0.98889779753808,120,120,480
"233",24,"NPQ_3",0.83224030728499,180,300,720
"234",24,"NPQ_4",0.72722129640998,240,600,960
"235",24,"NPQ_5",0.62691542478382,300,900,1200
"236",24,"NPQ_6",0.511340954073379,600,1200,1440
"237",24,"NPQ_7",0.420137534375188,900,1500,1680
"238",24,"NPQ_8",0.34707764999991,1500,1800,1920
"239",24,"NPQ_9",0.300139831636114,1800,2100,2160
"240",24,"NPQ_10",0.278650935349936,2400,2400,2400
"241",25,"NPQ_1",1.14501692109068,60,60,240
"242",25,"NPQ_2",0.999404438252716,120,120,480
"243",25,"NPQ_3",0.829619279451221,180,300,720
"244",25,"NPQ_4",0.736088114101612,240,600,960
"245",25,"NPQ_5",0.628101780531416,300,900,1200
"246",25,"NPQ_6",0.509471431281116,600,1200,1440
"247",25,"NPQ_7",0.416408575024957,900,1500,1680
"248",25,"NPQ_8",0.341289658535467,1500,1800,1920
"249",25,"NPQ_9",0.298609713136415,1800,2100,2160
"250",25,"NPQ_10",0.280335914484289,2400,2400,2400
"251",26,"NPQ_1",1.13245778835265,60,60,240
"252",26,"NPQ_2",1.00522507486039,120,120,480
"253",26,"NPQ_3",0.830190331765492,180,300,720
"254",26,"NPQ_4",0.729763268617449,240,600,960
"255",26,"NPQ_5",0.632484314198489,300,900,1200
"256",26,"NPQ_6",0.503135003231736,600,1200,1440
"257",26,"NPQ_7",0.408972937982989,900,1500,1680
"258",26,"NPQ_8",0.348928272370599,1500,1800,1920
"259",26,"NPQ_9",0.304079852181875,1800,2100,2160
"260",26,"NPQ_10",0.275018154032073,2400,2400,2400
"261",27,"NPQ_1",1.13708639827631,60,60,240
"262",27,"NPQ_2",1.00246165289217,120,120,480
"263",27,"NPQ_3",0.823380481580078,180,300,720
"264",27,"NPQ_4",0.732011360575269,240,600,960
"265",27,"NPQ_5",0.638156496231654,300,900,1200
"266",27,"NPQ_6",0.496829213909317,600,1200,1440
"267",27,"NPQ_7",0.413686350471129,900,1500,1680
"268",27,"NPQ_8",0.349442923433753,1500,1800,1920
"269",27,"NPQ_9",0.298880681336158,1800,2100,2160
"270",27,"NPQ_10",0.266625009376067,2400,2400,2400
"271",28,"NPQ_1",1.14105078945128,60,60,240
"272",28,"NPQ_2",0.993834395788342,120,120,480
"273",28,"NPQ_3",0.82739475834969,180,300,720
"274",28,"NPQ_4",0.727838685027777,240,600,960
"275",28,"NPQ_5",0.630451773717198,300,900,1200
"276",28,"NPQ_6",0.512659174713823,600,1200,1440
"277",28,"NPQ_7",0.416035242493729,900,1500,1680
"278",28,"NPQ_8",0.346201235984306,1500,1800,1920
"279",28,"NPQ_9",0.307016897371526,1800,2100,2160
"280",28,"NPQ_10",0.27785960919989,2400,2400,2400
"281",29,"NPQ_1",1.14238083944825,60,60,240
"282",29,"NPQ_2",1.01223283266558,120,120,480
"283",29,"NPQ_3",0.830144032229892,180,300,720
"284",29,"NPQ_4",0.731088136926258,240,600,960
"285",29,"NPQ_5",0.624700687372042,300,900,1200
"286",29,"NPQ_6",0.509632325987007,600,1200,1440
"287",29,"NPQ_7",0.413451485062326,900,1500,1680
"288",29,"NPQ_8",0.348652486743328,1500,1800,1920
"289",29,"NPQ_9",0.29883001525248,1800,2100,2160
"290",29,"NPQ_10",0.276069743782798,2400,2400,2400
"291",30,"NPQ_1",1.14051668404591,60,60,240
"292",30,"NPQ_2",1.0037945895561,120,120,480
"293",30,"NPQ_3",0.83543581499416,180,300,720
"294",30,"NPQ_4",0.72781659010433,240,600,960
"295",30,"NPQ_5",0.632974883393631,300,900,1200
"296",30,"NPQ_6",0.496338984421431,600,1200,1440
"297",30,"NPQ_7",0.417863942873197,900,1500,1680
"298",30,"NPQ_8",0.353098639137675,1500,1800,1920
"299",30,"NPQ_9",0.306423831401533,1800,2100,2160
"300",30,"NPQ_10",0.276583270689416,2400,2400,2400
"301",31,"NPQ_1",1.13479784838355,60,60,240
"302",31,"NPQ_2",1.00019356543404,120,120,480
"303",31,"NPQ_3",0.837312950702583,180,300,720
"304",31,"NPQ_4",0.729289211511637,240,600,960
"305",31,"NPQ_5",0.622841293677017,300,900,1200
"306",31,"NPQ_6",0.50234275340762,600,1200,1440
"307",31,"NPQ_7",0.421615653040865,900,1500,1680
"308",31,"NPQ_8",0.346036641294091,1500,1800,1920
"309",31,"NPQ_9",0.308711906320995,1800,2100,2160
"310",31,"NPQ_10",0.271303302014527,2400,2400,2400
"311",32,"NPQ_1",1.14398128571265,60,60,240
"312",32,"NPQ_2",1.0066041145189,120,120,480
"313",32,"NPQ_3",0.825642796670935,180,300,720
"314",32,"NPQ_4",0.730292006166402,240,600,960
"315",32,"NPQ_5",0.622124235718197,300,900,1200
"316",32,"NPQ_6",0.502816485466865,600,1200,1440
"317",32,"NPQ_7",0.411596784993107,900,1500,1680
"318",32,"NPQ_8",0.338914064941816,1500,1800,1920
"319",32,"NPQ_9",0.296967624141876,1800,2100,2160
"320",32,"NPQ_10",0.27332302963348,2400,2400,2400
"321",33,"NPQ_1",1.14953763629928,60,60,240
"322",33,"NPQ_2",0.996124060296946,120,120,480
"323",33,"NPQ_3",0.830303043686276,180,300,720
"324",33,"NPQ_4",0.734907251383174,240,600,960
"325",33,"NPQ_5",0.633427978354564,300,900,1200
"326",33,"NPQ_6",0.509092173954516,600,1200,1440
"327",33,"NPQ_7",0.407176041116133,900,1500,1680
"328",33,"NPQ_8",0.337833449807048,1500,1800,1920
"329",33,"NPQ_9",0.31077653920013,1800,2100,2160
"330",33,"NPQ_10",0.272410861992978,2400,2400,2400
"331",34,"NPQ_1",1.14437092829454,60,60,240
"332",34,"NPQ_2",0.996313177479937,120,120,480
"333",34,"NPQ_3",0.825778580921033,180,300,720
"334",34,"NPQ_4",0.724970644623563,240,600,960
"335",34,"NPQ_5",0.627558047944947,300,900,1200
"336",34,"NPQ_6",0.505619662540252,600,1200,1440
"337",34,"NPQ_7",0.418661453201864,900,1500,1680
"338",34,"NPQ_8",0.347168766615553,1500,1800,1920
"339",34,"NPQ_9",0.308350814396128,1800,2100,2160
"340",34,"NPQ_10",0.25924074852269,2400,2400,2400
"341",35,"NPQ_1",1.14369619655906,60,60,240
"342",35,"NPQ_2",0.998115779256049,120,120,480
"343",35,"NPQ_3",0.838812775912703,180,300,720
"344",35,"NPQ_4",0.729754205005702,240,600,960
"345",35,"NPQ_5",0.633518518163959,300,900,1200
"346",35,"NPQ_6",0.495007841642621,600,1200,1440
"347",35,"NPQ_7",0.417334714652256,900,1500,1680
"348",35,"NPQ_8",0.351229148486692,1500,1800,1920
"349",35,"NPQ_9",0.295461615762128,1800,2100,2160
"350",35,"NPQ_10",0.274915689400323,2400,2400,2400
"351",36,"NPQ_1",1.13972980892141,60,60,240
"352",36,"NPQ_2",0.996791308032635,120,120,480
"353",36,"NPQ_3",0.825973240657345,180,300,720
"354",36,"NPQ_4",0.734707563614756,240,600,960
"355",36,"NPQ_5",0.62406668907281,300,900,1200
"356",36,"NPQ_6",0.50362178252994,600,1200,1440
"357",36,"NPQ_7",0.415965980375222,900,1500,1680
"358",36,"NPQ_8",0.344238792931535,1500,1800,1920
"359",36,"NPQ_9",0.300752458435788,1800,2100,2160
"360",36,"NPQ_10",0.274076113684275,2400,2400,2400
"361",37,"NPQ_1",1.13423352859074,60,60,240
"362",37,"NPQ_2",0.996999970392946,120,120,480
"363",37,"NPQ_3",0.824023832598329,180,300,720
"364",37,"NPQ_4",0.735550136548678,240,600,960
"365",37,"NPQ_5",0.624495798234682,300,900,1200
"366",37,"NPQ_6",0.507253565815174,600,1200,1440
"367",37,"NPQ_7",0.414768737911563,900,1500,1680
"368",37,"NPQ_8",0.34721512926515,1500,1800,1920
"369",37,"NPQ_9",0.307817161663194,1800,2100,2160
"370",37,"NPQ_10",0.267127128715899,2400,2400,2400
"371",38,"NPQ_1",1.13751039100494,60,60,240
"372",38,"NPQ_2",0.999757180107514,120,120,480
"373",38,"NPQ_3",0.831215758772082,180,300,720
"374",38,"NPQ_4",0.726910939595692,240,600,960
"375",38,"NPQ_5",0.62597809266709,300,900,1200
"376",38,"NPQ_6",0.508517554327726,600,1200,1440
"377",38,"NPQ_7",0.404345099239456,900,1500,1680
"378",38,"NPQ_8",0.360342223153764,1500,1800,1920
"379",38,"NPQ_9",0.313687801695935,1800,2100,2160
"380",38,"NPQ_10",0.281933182505524,2400,2400,2400
"381",39,"NPQ_1",1.13900010515239,60,60,240
"382",39,"NPQ_2",0.995015689614942,120,120,480
"383",39,"NPQ_3",0.822348365318701,180,300,720
"384",39,"NPQ_4",0.728865794277988,240,600,960
"385",39,"NPQ_5",0.635635506328321,300,900,1200
"386",39,"NPQ_6",0.497549518984582,600,1200,1440
"387",39,"NPQ_7",0.413463307613395,900,1500,1680
"388",39,"NPQ_8",0.34677751523097,1500,1800,1920
"389",39,"NPQ_9",0.29883418474243,1800,2100,2160
"390",39,"NPQ_10",0.275248489493053,2400,2400,2400
"391",40,"NPQ_1",1.13460048500607,60,60,240
"392",40,"NPQ_2",0.995196407975497,120,120,480
"393",40,"NPQ_3",0.832453334348859,180,300,720
"394",40,"NPQ_4",0.731876074453947,240,600,960
"395",40,"NPQ_5",0.629093163302967,300,900,1200
"396",40,"NPQ_6",0.505138252147268,600,1200,1440
"397",40,"NPQ_7",0.416324618673037,900,1500,1680
"398",40,"NPQ_8",0.34254619838289,1500,1800,1920
"399",40,"NPQ_9",0.302800364085439,1800,2100,2160
"400",40,"NPQ_10",0.284293615137486,2400,2400,2400
"401",41,"NPQ_1",1.14295946444847,60,60,240
"402",41,"NPQ_2",1.00005620904518,120,120,480
"403",41,"NPQ_3",0.827818617731412,180,300,720
"404",41,"NPQ_4",0.734053222006087,240,600,960
"405",41,"NPQ_5",0.622017158761102,300,900,1200
"406",41,"NPQ_6",0.499770943619603,600,1200,1440
"407",41,"NPQ_7",0.411219758301436,900,1500,1680
"408",41,"NPQ_8",0.356486144693605,1500,1800,1920
"409",41,"NPQ_9",0.302059597932988,1800,2100,2160
"410",41,"NPQ_10",0.280032795089423,2400,2400,2400
"411",42,"NPQ_1",1.14215516237231,60,60,240
"412",42,"NPQ_2",1.00543241948791,120,120,480
"413",42,"NPQ_3",0.830926011790551,180,300,720
"414",42,"NPQ_4",0.734021781733801,240,600,960
"415",42,"NPQ_5",0.628544228441449,300,900,1200
"416",42,"NPQ_6",0.503932464537222,600,1200,1440
"417",42,"NPQ_7",0.413970921563597,900,1500,1680
"418",42,"NPQ_8",0.344924842045392,1500,1800,1920
"419",42,"NPQ_9",0.296341784559364,1800,2100,2160
"420",42,"NPQ_10",0.277150039848315,2400,2400,2400
"421",43,"NPQ_1",1.14037232995394,60,60,240
"422",43,"NPQ_2",0.997810239085754,120,120,480
"423",43,"NPQ_3",0.831482066187104,180,300,720
"424",43,"NPQ_4",0.725964513056125,240,600,960
"425",43,"NPQ_5",0.623402404575595,300,900,1200
"426",43,"NPQ_6",0.502981066515318,600,1200,1440
"427",43,"NPQ_7",0.415479971802628,900,1500,1680
"428",43,"NPQ_8",0.34878264209457,1500,1800,1920
"429",43,"NPQ_9",0.297143582944755,1800,2100,2160
"430",43,"NPQ_10",0.269907715235581,2400,2400,2400
"431",44,"NPQ_1",1.13503968864355,60,60,240
"432",44,"NPQ_2",0.993859939661833,120,120,480
"433",44,"NPQ_3",0.824082795552211,180,300,720
"434",44,"NPQ_4",0.732211450134132,240,600,960
"435",44,"NPQ_5",0.623144699731522,300,900,1200
"436",44,"NPQ_6",0.501137665848143,600,1200,1440
"437",44,"NPQ_7",0.409889749128627,900,1500,1680
"438",44,"NPQ_8",0.348998572572814,1500,1800,1920
"439",44,"NPQ_9",0.300753842406361,1800,2100,2160
"440",44,"NPQ_10",0.26838988643263,2400,2400,2400
"441",45,"NPQ_1",1.14726256217607,60,60,240
"442",45,"NPQ_2",0.999053465157245,120,120,480
"443",45,"NPQ_3",0.830436250377264,180,300,720
"444",45,"NPQ_4",0.72587951455419,240,600,960
"445",45,"NPQ_5",0.628213641043309,300,900,1200
"446",45,"NPQ_6",0.495766499441285,600,1200,1440
"447",45,"NPQ_7",0.415340934190445,900,1500,1680
"448",45,"NPQ_8",0.351083702805506,1500,1800,1920
"449",45,"NPQ_9",0.312792115746565,1800,2100,2160
"450",45,"NPQ_10",0.271994528481413,2400,2400,2400
"451",46,"NPQ_1",1.15303397704605,60,60,240
"452",46,"NPQ_2",0.995512819197827,120,120,480
"453",46,"NPQ_3",0.827915555148844,180,300,720
"454",46,"NPQ_4",0.736161895892037,240,600,960
"455",46,"NPQ_5",0.62753332864712,300,900,1200
"456",46,"NPQ_6",0.500562769409801,600,1200,1440
"457",46,"NPQ_7",0.419034903758207,900,1500,1680
"458",46,"NPQ_8",0.354517031469141,1500,1800,1920
"459",46,"NPQ_9",0.305689856502376,1800,2100,2160
"460",46,"NPQ_10",0.270483425418585,2400,2400,2400
"461",47,"NPQ_1",1.13893405255901,60,60,240
"462",47,"NPQ_2",0.994884308799178,120,120,480
"463",47,"NPQ_3",0.83200018606522,180,300,720
"464",47,"NPQ_4",0.729315341899725,240,600,960
"465",47,"NPQ_5",0.625463843852052,300,900,1200
"466",47,"NPQ_6",0.500490131817428,600,1200,1440
"467",47,"NPQ_7",0.414303157878501,900,1500,1680
"468",47,"NPQ_8",0.351877896837957,1500,1800,1920
"469",47,"NPQ_9",0.302595202363368,1800,2100,2160
"470",47,"NPQ_10",0.280883233919222,2400,2400,2400
"471",48,"NPQ_1",1.14335819629242,60,60,240
"472",48,"NPQ_2",0.995899199946861,120,120,480
"473",48,"NPQ_3",0.826252538641808,180,300,720
"474",48,"NPQ_4",0.728105903566649,240,600,960
"475",48,"NPQ_5",0.637743968747487,300,900,1200
"476",48,"NPQ_6",0.503964551985599,600,1200,1440
"477",48,"NPQ_7",0.414114730830447,900,1500,1680
"478",48,"NPQ_8",0.348157908188848,1500,1800,1920
"479",48,"NPQ_9",0.300988111532793,1800,2100,2160
"480",48,"NPQ_10",0.281767297170395,2400,2400,2400
"481",49,"NPQ_1",1.13693169799045,60,60,240
"482",49,"NPQ_2",1.00139240073361,120,120,480
"483",49,"NPQ_3",0.825396146181846,180,300,720
"484",49,"NPQ_4",0.728259778406103,240,600,960
"485",49,"NPQ_5",0.623455382629276,300,900,1200
"486",49,"NPQ_6",0.496015449754878,600,1200,1440
"487",49,"NPQ_7",0.416581878260796,900,1500,1680
"488",49,"NPQ_8",0.347396210779716,1500,1800,1920
"489",49,"NPQ_9",0.304695240916509,1800,2100,2160
"490",49,"NPQ_10",0.27813456155633,2400,2400,2400
"491",50,"NPQ_1",1.14777751041886,60,60,240
"492",50,"NPQ_2",0.991624115442384,120,120,480
"493",50,"NPQ_3",0.823590005928458,180,300,720
"494",50,"NPQ_4",0.732745264970902,240,600,960
"495",50,"NPQ_5",0.625034776533556,300,900,1200
"496",50,"NPQ_6",0.498028522309575,600,1200,1440
"497",50,"NPQ_7",0.407299393019338,900,1500,1680
"498",50,"NPQ_8",0.360183685834136,1500,1800,1920
"499",50,"NPQ_9",0.310539557930793,1800,2100,2160
"500",50,"NPQ_10",0.272904479510688,2400,2400,2400
"501",51,"NPQ_1",1.13130307783621,60,60,240
"502",51,"NPQ_2",0.988731716456981,120,120,480
"503",51,"NPQ_3",0.826021824864137,180,300,720
"504",51,"NPQ_4",0.732519323093097,240,600,960
"505",51,"NPQ_5",0.629260919905263,300,900,1200
"506",51,"NPQ_6",0.4982032552209,600,1200,1440
"507",51,"NPQ_7",0.414596279751053,900,1500,1680
"508",51,"NPQ_8",0.337408882314763,1500,1800,1920
"509",51,"NPQ_9",0.301004858487409,1800,2100,2160
"510",51,"NPQ_10",0.275918875475391,2400,2400,2400
"511",52,"NPQ_1",1.14328664033536,60,60,240
"512",52,"NPQ_2",0.991407664927689,120,120,480
"513",52,"NPQ_3",0.829091577292181,180,300,720
"514",52,"NPQ_4",0.72635077717532,240,600,960
"515",52,"NPQ_5",0.632312982365122,300,900,1200
"516",52,"NPQ_6",0.507299387729962,600,1200,1440
"517",52,"NPQ_7",0.41404502057442,900,1500,1680
"518",52,"NPQ_8",0.348386961598379,1500,1800,1920
"519",52,"NPQ_9",0.305308141641565,1800,2100,2160
"520",52,"NPQ_10",0.275736926385204,2400,2400,2400
"521",53,"NPQ_1",1.14179987972849,60,60,240
"522",53,"NPQ_2",1.0017980522696,120,120,480
"523",53,"NPQ_3",0.824376473490627,180,300,720
"524",53,"NPQ_4",0.729173932693056,240,600,960
"525",53,"NPQ_5",0.638786150001507,300,900,1200
"526",53,"NPQ_6",0.506797044712982,600,1200,1440
"527",53,"NPQ_7",0.416937803171268,900,1500,1680
"528",53,"NPQ_8",0.347802780212159,1500,1800,1920
"529",53,"NPQ_9",0.30136389684238,1800,2100,2160
"530",53,"NPQ_10",0.275083172529276,2400,2400,2400
"531",54,"NPQ_1",1.14252165901709,60,60,240
"532",54,"NPQ_2",0.998682422397298,120,120,480
"533",54,"NPQ_3",0.825388513104246,180,300,720
"534",54,"NPQ_4",0.726720573793293,240,600,960
"535",54,"NPQ_5",0.63230643510064,300,900,1200
"536",54,"NPQ_6",0.50340909391746,600,1200,1440
"537",54,"NPQ_7",0.419246046326496,900,1500,1680
"538",54,"NPQ_8",0.347983291913499,1500,1800,1920
"539",54,"NPQ_9",0.302982439138767,1800,2100,2160
"540",54,"NPQ_10",0.278085700237212,2400,2400,2400
"541",55,"NPQ_1",1.15239372857843,60,60,240
"542",55,"NPQ_2",0.994568116449194,120,120,480
"543",55,"NPQ_3",0.817399402640779,180,300,720
"544",55,"NPQ_4",0.729044283663546,240,600,960
"545",55,"NPQ_5",0.635752938618354,300,900,1200
"546",55,"NPQ_6",0.49374122519819,600,1200,1440
"547",55,"NPQ_7",0.416601766656233,900,1500,1680
"548",55,"NPQ_8",0.349115977847145,1500,1800,1920
"549",55,"NPQ_9",0.308481627519325,1800,2100,2160
"550",55,"NPQ_10",0.276383124055492,2400,2400,2400
"551",56,"NPQ_1",1.149490663704,60,60,240
"552",56,"NPQ_2",1.00444879017739,120,120,480
"553",56,"NPQ_3",0.830761485220809,180,300,720
"554",56,"NPQ_4",0.729626206213541,240,600,960
"555",56,"NPQ_5",0.618384517195119,300,900,1200
"556",56,"NPQ_6",0.503391554371428,600,1200,1440
"557",56,"NPQ_7",0.40859415733288,900,1500,1680
"558",56,"NPQ_8",0.350869940302849,1500,1800,1920
"559",56,"NPQ_9",0.296759434212886,1800,2100,2160
"560",56,"NPQ_10",0.283362676901004,2400,2400,2400
"561",57,"NPQ_1",1.13659182172457,60,60,240
"562",57,"NPQ_2",1.00031096101266,120,120,480
"563",57,"NPQ_3",0.82824175548001,180,300,720
"564",57,"NPQ_4",0.736386078369666,240,600,960
"565",57,"NPQ_5",0.629738464379452,300,900,1200
"566",57,"NPQ_6",0.5020479551262,600,1200,1440
"567",57,"NPQ_7",0.419338641650871,900,1500,1680
"568",57,"NPQ_8",0.346680619660307,1500,1800,1920
"569",57,"NPQ_9",0.304839222464222,1800,2100,2160
"570",57,"NPQ_10",0.272095305520517,2400,2400,2400
"571",58,"NPQ_1",1.14071203417992,60,60,240
"572",58,"NPQ_2",1.00315426163569,120,120,480
"573",58,"NPQ_3",0.836203911515053,180,300,720
"574",58,"NPQ_4",0.728146594142497,240,600,960
"575",58,"NPQ_5",0.626096457910503,300,900,1200
"576",58,"NPQ_6",0.507630836461315,600,1200,1440
"577",58,"NPQ_7",0.426492288476103,900,1500,1680
"578",58,"NPQ_8",0.359641747676195,1500,1800,1920
"579",58,"NPQ_9",0.30008141511955,1800,2100,2160
"580",58,"NPQ_10",0.26538011110023,2400,2400,2400
"581",59,"NPQ_1",1.14691627701477,60,60,240
"582",59,"NPQ_2",1.00169327090289,120,120,480
"583",59,"NPQ_3",0.830683382695902,180,300,720
"584",59,"NPQ_4",0.727202732974592,240,600,960
"585",59,"NPQ_5",0.622761971361952,300,900,1200
"586",59,"NPQ_6",0.506465962389452,600,1200,1440
"587",59,"NPQ_7",0.413753375113623,900,1500,1680
"588",59,"NPQ_8",0.350438123796393,1500,1800,1920
"589",59,"NPQ_9",0.308879727268846,1800,2100,2160
"590",59,"NPQ_10",0.287430538752174,2400,2400,2400
"591",60,"NPQ_1",1.13451583513474,60,60,240
"592",60,"NPQ_2",0.999398818936455,120,120,480
"593",60,"NPQ_3",0.834445921111905,180,300,720
"594",60,"NPQ_4",0.730297989654135,240,600,960
"595",60,"NPQ_5",0.634921310576608,300,900,1200
"596",60,"NPQ_6",0.494064758933132,600,1200,1440
"597",60,"NPQ_7",0.412253090230639,900,1500,1680
"598",60,"NPQ_8",0.342006742226381,1500,1800,1920
"599",60,"NPQ_9",0.313720203240566,1800,2100,2160
"600",60,"NPQ_10",0.27101180852484,2400,2400,2400
"601",61,"NPQ_1",1.13846225178386,60,60,240
"602",61,"NPQ_2",0.990961715200654,120,120,480
"603",61,"NPQ_3",0.828455445992916,180,300,720
"604",61,"NPQ_4",0.733750936587894,240,600,960
"605",61,"NPQ_5",0.631640032735146,300,900,1200
"606",61,"NPQ_6",0.499662639748863,600,1200,1440
"607",61,"NPQ_7",0.4141557277846,900,1500,1680
"608",61,"NPQ_8",0.347333183830289,1500,1800,1920
"609",61,"NPQ_9",0.301441446001747,1800,2100,2160
"610",61,"NPQ_10",0.267857683339008,2400,2400,2400
"611",62,"NPQ_1",1.13901466325268,60,60,240
"612",62,"NPQ_2",1.00289893331276,120,120,480
"613",62,"NPQ_3",0.819426022493514,180,300,720
"614",62,"NPQ_4",0.729461174289105,240,600,960
"615",62,"NPQ_5",0.633772585529513,300,900,1200
"616",62,"NPQ_6",0.50545614859124,600,1200,1440
"617",62,"NPQ_7",0.422252567078522,900,1500,1680
"618",62,"NPQ_8",0.344899798912698,1500,1800,1920
"619",62,"NPQ_9",0.308641475418463,1800,2100,2160
"620",62,"NPQ_10",0.277906220737873,2400,2400,2400
"621",63,"NPQ_1",1.14646756637063,60,60,240
"622",63,"NPQ_2",0.99890891044866,120,120,480
"623",63,"NPQ_3",0.827684112193622,180,300,720
"624",63,"NPQ_4",0.735435843066162,240,600,960
"625",63,"NPQ_5",0.62848955006625,300,900,1200
"626",63,"NPQ_6",0.502437926089899,600,1200,1440
"627",63,"NPQ_7",0.410651772084374,900,1500,1680
"628",63,"NPQ_8",0.349820715538435,1500,1800,1920
"629",63,"NPQ_9",0.311712877950405,1800,2100,2160
"630",63,"NPQ_10",0.267017017527015,2400,2400,2400
"631",64,"NPQ_1",1.13884709094908,60,60,240
"632",64,"NPQ_2",0.99592083191434,120,120,480
"633",64,"NPQ_3",0.825033225442907,180,300,720
"634",64,"NPQ_4",0.734523829892716,240,600,960
"635",64,"NPQ_5",0.628282494339006,300,900,1200
"636",64,"NPQ_6",0.506403167749368,600,1200,1440
"637",64,"NPQ_7",0.412558582523451,900,1500,1680
"638",64,"NPQ_8",0.347674118318033,1500,1800,1920
"639",64,"NPQ_9",0.309534921211102,1800,2100,2160
"640",64,"NPQ_10",0.286423061428865,2400,2400,2400
"641",65,"NPQ_1",1.14375528938165,60,60,240
"642",65,"NPQ_2",1.00848763321406,120,120,480
"643",65,"NPQ_3",0.823210141543448,180,300,720
"644",65,"NPQ_4",0.729331555569965,240,600,960
"645",65,"NPQ_5",0.632703377674149,300,900,1200
"646",65,"NPQ_6",0.510866533866685,600,1200,1440
"647",65,"NPQ_7",0.410860327123432,900,1500,1680
"648",65,"NPQ_8",0.350915295821753,1500,1800,1920
"649",65,"NPQ_9",0.30262186618131,1800,2100,2160
"650",65,"NPQ_10",0.275014583068309,2400,2400,2400
"651",66,"NPQ_1",1.13427383344381,60,60,240
"652",66,"NPQ_2",0.997219142925463,120,120,480
"653",66,"NPQ_3",0.837004656359296,180,300,720
"654",66,"NPQ_4",0.726207941819491,240,600,960
"655",66,"NPQ_5",0.625784915431601,300,900,1200
"656",66,"NPQ_6",0.496395840649338,600,1200,1440
"657",66,"NPQ_7",0.418445411971117,900,1500,1680
"658",66,"NPQ_8",0.348714745186268,1500,1800,1920
"659",66,"NPQ_9",0.30420705183021,1800,2100,2160
"660",66,"NPQ_10",0.269091369690815,2400,2400,2400
"661",67,"NPQ_1",1.1360146360547,60,60,240
"662",67,"NPQ_2",1.00164263270331,120,120,480
"663",67,"NPQ_3",0.823989705962156,180,300,720
"664",67,"NPQ_4",0.721578713120692,240,600,960
"665",67,"NPQ_5",0.631021360515989,300,900,1200
"666",67,"NPQ_6",0.49752747099244,600,1200,1440
"667",67,"NPQ_7",0.416784464438978,900,1500,1680
"668",67,"NPQ_8",0.346607613845813,1500,1800,1920
"669",67,"NPQ_9",0.30131592826708,1800,2100,2160
"670",67,"NPQ_10",0.265678337222633,2400,2400,2400
"671",68,"NPQ_1",1.13452245953166,60,60,240
"672",68,"NPQ_2",1.00166605159616,120,120,480
"673",68,"NPQ_3",0.822707449784249,180,300,720
"674",68,"NPQ_4",0.731353341635245,240,600,960
"675",68,"NPQ_5",0.630529562781518,300,900,1200
"676",68,"NPQ_6",0.496505167503173,600,1200,1440
"677",68,"NPQ_7",0.411027666077644,900,1500,1680
"678",68,"NPQ_8",0.34898064742149,1500,1800,1920
"679",68,"NPQ_9",0.297930918516338,1800,2100,2160
"680",68,"NPQ_10",0.279379973228447,2400,2400,2400
"681",69,"NPQ_1",1.13467045247997,60,60,240
"682",69,"NPQ_2",0.999184379232874,120,120,480
"683",69,"NPQ_3",0.83760455233061,180,300,720
"684",69,"NPQ_4",0.72963321434627,240,600,960
"685",69,"NPQ_5",0.637443420941947,300,900,1200
"686",69,"NPQ_6",0.501359408247945,600,1200,1440
"687",69,"NPQ_7",0.419385738168234,900,1500,1680
"688",69,"NPQ_8",0.342574216015823,1500,1800,1920
"689",69,"NPQ_9",0.299604613388596,1800,2100,2160
"690",69,"NPQ_10",0.281109241676486,2400,2400,2400
"691",70,"NPQ_1",1.13809144681198,60,60,240
"692",70,"NPQ_2",1.00040849596496,120,120,480
"693",70,"NPQ_3",0.822037826796168,180,300,720
"694",70,"NPQ_4",0.725414331017203,240,600,960
"695",70,"NPQ_5",0.629392341609324,300,900,1200
"696",70,"NPQ_6",0.505138526860855,600,1200,1440
"697",70,"NPQ_7",0.415108952588447,900,1500,1680
"698",70,"NPQ_8",0.351744645932291,1500,1800,1920
"699",70,"NPQ_9",0.293049630140459,1800,2100,2160
"700",70,"NPQ_10",0.273752616378844,2400,2400,2400
"701",71,"NPQ_1",1.14376282809913,60,60,240
"702",71,"NPQ_2",1.00089259918539,120,120,480
"703",71,"NPQ_3",0.821442581728508,180,300,720
"704",71,"NPQ_4",0.726761408116645,240,600,960
"705",71,"NPQ_5",0.62339713711668,300,900,1200
"706",71,"NPQ_6",0.50595790933803,600,1200,1440
"707",71,"NPQ_7",0.416624747055991,900,1500,1680
"708",71,"NPQ_8",0.344499079677415,1500,1800,1920
"709",71,"NPQ_9",0.30252013605442,1800,2100,2160
"710",71,"NPQ_10",0.273484787451627,2400,2400,2400
"711",72,"NPQ_1",1.15034575477664,60,60,240
"712",72,"NPQ_2",1.00026383545493,120,120,480
"713",72,"NPQ_3",0.819952013826801,180,300,720
"714",72,"NPQ_4",0.733210320004997,240,600,960
"715",72,"NPQ_5",0.621240293372539,300,900,1200
"716",72,"NPQ_6",0.507439622637621,600,1200,1440
"717",72,"NPQ_7",0.42224284280756,900,1500,1680
"718",72,"NPQ_8",0.349715313557754,1500,1800,1920
"719",72,"NPQ_9",0.307470209231952,1800,2100,2160
"720",72,"NPQ_10",0.267766214559011,2400,2400,2400
"721",73,"NPQ_1",1.14108788109282,60,60,240
"722",73,"NPQ_2",1.00310544540752,120,120,480
"723",73,"NPQ_3",0.820532339254336,180,300,720
"724",73,"NPQ_4",0.733022998028424,240,600,960
"725",73,"NPQ_5",0.634478672494431,300,900,1200
"726",73,"NPQ_6",0.498618539057242,600,1200,1440
"727",73,"NPQ_7",0.409447754760959,900,1500,1680
"728",73,"NPQ_8",0.355783390161107,1500,1800,1920
"729",73,"NPQ_9",0.307338904514268,1800,2100,2160
"730",73,"NPQ_10",0.278646018336434,2400,2400,2400
"731",74,"NPQ_1",1.14253972495628,60,60,240
"732",74,"NPQ_2",1.00347987995686,120,120,480
"733",74,"NPQ_3",0.827393850739906,180,300,720
"734",74,"NPQ_4",0.725186244331001,240,600,960
"735",74,"NPQ_5",0.628724157100318,300,900,1200
"736",74,"NPQ_6",0.509897897635876,600,1200,1440
"737",74,"NPQ_7",0.417048601633321,900,1500,1680
"738",74,"NPQ_8",0.346950131671673,1500,1800,1920
"739",74,"NPQ_9",0.301617022921676,1800,2100,2160
"740",74,"NPQ_10",0.283795114429315,2400,2400,2400
"741",75,"NPQ_1",1.13368605729268,60,60,240
"742",75,"NPQ_2",0.999332421672006,120,120,480
"743",75,"NPQ_3",0.826562931797299,180,300,720
"744",75,"NPQ_4",0.731549854307623,240,600,960
"745",75,"NPQ_5",0.634441260032606,300,900,1200
"746",75,"NPQ_6",0.507761621970418,600,1200,1440
"747",75,"NPQ_7",0.414302096047821,900,1500,1680
"748",75,"NPQ_8",0.34381840269366,1500,1800,1920
"749",75,"NPQ_9",0.301592748518773,1800,2100,2160
"750",75,"NPQ_10",0.278015058175214,2400,2400,2400
"751",76,"NPQ_1",1.12872532831059,60,60,240
"752",76,"NPQ_2",1.0005694473785,120,120,480
"753",76,"NPQ_3",0.83052031232563,180,300,720
"754",76,"NPQ_4",0.734477618870241,240,600,960
"755",76,"NPQ_5",0.62869403223657,300,900,1200
"756",76,"NPQ_6",0.503657057433225,600,1200,1440
"757",76,"NPQ_7",0.412100831071377,900,1500,1680
"758",76,"NPQ_8",0.349855458317388,1500,1800,1920
"759",76,"NPQ_9",0.303427448947873,1800,2100,2160
"760",76,"NPQ_10",0.267480160689272,2400,2400,2400
"761",77,"NPQ_1",1.13948080691384,60,60,240
"762",77,"NPQ_2",1.00844360147265,120,120,480
"763",77,"NPQ_3",0.827797372649672,180,300,720
"764",77,"NPQ_4",0.720684455802269,240,600,960
"765",77,"NPQ_5",0.628055422883422,300,900,1200
"766",77,"NPQ_6",0.504343131513856,600,1200,1440
"767",77,"NPQ_7",0.417827392366357,900,1500,1680
"768",77,"NPQ_8",0.348421998662274,1500,1800,1920
"769",77,"NPQ_9",0.306015194283567,1800,2100,2160
"770",77,"NPQ_10",0.273327111356932,2400,2400,2400
"771",78,"NPQ_1",1.13478361988249,60,60,240
"772",78,"NPQ_2",1.00176534956049,120,120,480
"773",78,"NPQ_3",0.832114030765252,180,300,720
"774",78,"NPQ_4",0.732104964444286,240,600,960
"775",78,"NPQ_5",0.633890080829102,300,900,1200
"776",78,"NPQ_6",0.497377683748493,600,1200,1440
"777",78,"NPQ_7",0.424017052905592,900,1500,1680
"778",78,"NPQ_8",0.342898131090756,1500,1800,1920
"779",78,"NPQ_9",0.303958547417418,1800,2100,2160
"780",78,"NPQ_10",0.274156035635791,2400,2400,2400
"781",79,"NPQ_1",1.14102715112219,60,60,240
"782",79,"NPQ_2",1.00085260768554,120,120,480
"783",79,"NPQ_3",0.82503869938075,180,300,720
"784",79,"NPQ_4",0.72297889486122,240,600,960
"785",79,"NPQ_5",0.630599616913872,300,900,1200
"786",79,"NPQ_6",0.501068575860542,600,1200,1440
"787",79,"NPQ_7",0.4207145596731,900,1500,1680
"788",79,"NPQ_8",0.349038252840796,1500,1800,1920
"789",79,"NPQ_9",0.309849663816953,1800,2100,2160
"790",79,"NPQ_10",0.273059207519652,2400,2400,2400
"791",80,"NPQ_1",1.13546837644261,60,60,240
"792",80,"NPQ_2",0.996217071508514,120,120,480
"793",80,"NPQ_3",0.829443928967431,180,300,720
"794",80,"NPQ_4",0.728187951720575,240,600,960
"795",80,"NPQ_5",0.621713754191981,300,900,1200
"796",80,"NPQ_6",0.503507174754293,600,1200,1440
"797",80,"NPQ_7",0.412879497501756,900,1500,1680
"798",80,"NPQ_8",0.353690826244764,1500,1800,1920
"799",80,"NPQ_9",0.29783244811845,1800,2100,2160
"800",80,"NPQ_10",0.26461529327301,2400,2400,2400
"801",81,"NPQ_1",1.14455811305232,60,60,240
"802",81,"NPQ_2",0.99644207760315,120,120,480
"803",81,"NPQ_3",0.825823833131646,180,300,720
"804",81,"NPQ_4",0.730505494944244,240,600,960
"805",81,"NPQ_5",0.622316285080219,300,900,1200
"806",81,"NPQ_6",0.503654137982862,600,1200,1440
"807",81,"NPQ_7",0.40989841004069,900,1500,1680
"808",81,"NPQ_8",0.343519015855669,1500,1800,1920
"809",81,"NPQ_9",0.305431726712616,1800,2100,2160
"810",81,"NPQ_10",0.272005232321018,2400,2400,2400
"811",82,"NPQ_1",1.14638086129012,60,60,240
"812",82,"NPQ_2",1.00698279426717,120,120,480
"813",82,"NPQ_3",0.824421254689213,180,300,720
"814",82,"NPQ_4",0.730913519217766,240,600,960
"815",82,"NPQ_5",0.623897699973443,300,900,1200
"816",82,"NPQ_6",0.509520407233968,600,1200,1440
"817",82,"NPQ_7",0.420445915452752,900,1500,1680
"818",82,"NPQ_8",0.346733972496045,1500,1800,1920
"819",82,"NPQ_9",0.301690470518409,1800,2100,2160
"820",82,"NPQ_10",0.268538574510443,2400,2400,2400
"821",83,"NPQ_1",1.14368285730117,60,60,240
"822",83,"NPQ_2",0.993271635726082,120,120,480
"823",83,"NPQ_3",0.825098243366011,180,300,720
"824",83,"NPQ_4",0.728801757000413,240,600,960
"825",83,"NPQ_5",0.623356356089181,300,900,1200
"826",83,"NPQ_6",0.51222585928934,600,1200,1440
"827",83,"NPQ_7",0.411154781450457,900,1500,1680
"828",83,"NPQ_8",0.343924837594673,1500,1800,1920
"829",83,"NPQ_9",0.299115354506951,1800,2100,2160
"830",83,"NPQ_10",0.276573729537649,2400,2400,2400
"831",84,"NPQ_1",1.14035438365309,60,60,240
"832",84,"NPQ_2",0.994470179651686,120,120,480
"833",84,"NPQ_3",0.832053228036763,180,300,720
"834",84,"NPQ_4",0.728480289584552,240,600,960
"835",84,"NPQ_5",0.631346579362202,300,900,1200
"836",84,"NPQ_6",0.502458434395546,600,1200,1440
"837",84,"NPQ_7",0.408276667285987,900,1500,1680
"838",84,"NPQ_8",0.353528466511442,1500,1800,1920
"839",84,"NPQ_9",0.302840000990359,1800,2100,2160
"840",84,"NPQ_10",0.276238792291233,2400,2400,2400
"841",85,"NPQ_1",1.14700354504783,60,60,240
"842",85,"NPQ_2",0.996122265587013,120,120,480
"843",85,"NPQ_3",0.825311457374745,180,300,720
"844",85,"NPQ_4",0.728265854446059,240,600,960
"845",85,"NPQ_5",0.62593766290923,300,900,1200
"846",85,"NPQ_6",0.500380374397007,600,1200,1440
"847",85,"NPQ_7",0.420224482601177,900,1500,1680
"848",85,"NPQ_8",0.348468651448225,1500,1800,1920
"849",85,"NPQ_9",0.300433158110817,1800,2100,2160
"850",85,"NPQ_10",0.268380762245114,2400,2400,2400
"851",86,"NPQ_1",1.14699021229428,60,60,240
"852",86,"NPQ_2",0.998766293827918,120,120,480
"853",86,"NPQ_3",0.820988274826796,180,300,720
"854",86,"NPQ_4",0.72669485040231,240,600,960
"855",86,"NPQ_5",0.630208243763498,300,900,1200
"856",86,"NPQ_6",0.503904026831034,600,1200,1440
"857",86,"NPQ_7",0.415841396088372,900,1500,1680
"858",86,"NPQ_8",0.344085331121138,1500,1800,1920
"859",86,"NPQ_9",0.303418569075287,1800,2100,2160
"860",86,"NPQ_10",0.271835149102762,2400,2400,2400
"861",87,"NPQ_1",1.14697860223405,60,60,240
"862",87,"NPQ_2",0.997995114569055,120,120,480
"863",87,"NPQ_3",0.820248020640846,180,300,720
"864",87,"NPQ_4",0.727624185374069,240,600,960
"865",87,"NPQ_5",0.628854194824676,300,900,1200
"866",87,"NPQ_6",0.504616100876509,600,1200,1440
"867",87,"NPQ_7",0.418425028410661,900,1500,1680
"868",87,"NPQ_8",0.338663854975608,1500,1800,1920
"869",87,"NPQ_9",0.307803331346434,1800,2100,2160
"870",87,"NPQ_10",0.27314153794576,2400,2400,2400
"871",88,"NPQ_1",1.1421191210563,60,60,240
"872",88,"NPQ_2",0.995012971416873,120,120,480
"873",88,"NPQ_3",0.823560933682599,180,300,720
"874",88,"NPQ_4",0.735086746817577,240,600,960
"875",88,"NPQ_5",0.627653012532219,300,900,1200
"876",88,"NPQ_6",0.505119011855146,600,1200,1440
"877",88,"NPQ_7",0.419242453539778,900,1500,1680
"878",88,"NPQ_8",0.353533881988211,1500,1800,1920
"879",88,"NPQ_9",0.299465768616189,1800,2100,2160
"880",88,"NPQ_10",0.270269791224455,2400,2400,2400
"881",89,"NPQ_1",1.14177433221689,60,60,240
"882",89,"NPQ_2",0.997188325680877,120,120,480
"883",89,"NPQ_3",0.824232290493917,180,300,720
"884",89,"NPQ_4",0.733816513238559,240,600,960
"885",89,"NPQ_5",0.61878871499735,300,900,1200
"886",89,"NPQ_6",0.50791235864644,600,1200,1440
"887",89,"NPQ_7",0.414804214418941,900,1500,1680
"888",89,"NPQ_8",0.346618786337752,1500,1800,1920
"889",89,"NPQ_9",0.305980406301588,1800,2100,2160
"890",89,"NPQ_10",0.276474546096283,2400,2400,2400
"891",90,"NPQ_1",1.14289478146582,60,60,240
"892",90,"NPQ_2",0.991475717886005,120,120,480
"893",90,"NPQ_3",0.82668856295043,180,300,720
"894",90,"NPQ_4",0.738850229088279,240,600,960
"895",90,"NPQ_5",0.629874858551969,300,900,1200
"896",90,"NPQ_6",0.507567937959968,600,1200,1440
"897",90,"NPQ_7",0.413395294531641,900,1500,1680
"898",90,"NPQ_8",0.355237924192021,1500,1800,1920
"899",90,"NPQ_9",0.299895106626813,1800,2100,2160
"900",90,"NPQ_10",0.276942570014831,2400,2400,2400
"901",91,"NPQ_1",1.13839552407275,60,60,240
"902",91,"NPQ_2",0.997824278231474,120,120,480
"903",91,"NPQ_3",0.832766243262138,180,300,720
"904",91,"NPQ_4",0.724748887108744,240,600,960
"905",91,"NPQ_5",0.627588974488148,300,900,1200
"906",91,"NPQ_6",0.503433928736688,600,1200,1440
"907",91,"NPQ_7",0.414977161471272,900,1500,1680
"908",91,"NPQ_8",0.351552733252576,1500,1800,1920
"909",91,"NPQ_9",0.304767970309937,1800,2100,2160
"910",91,"NPQ_10",0.27645283128643,2400,2400,2400
"911",92,"NPQ_1",1.1487265068383,60,60,240
"912",92,"NPQ_2",1.00395975751899,120,120,480
"913",92,"NPQ_3",0.824240867563911,180,300,720
"914",92,"NPQ_4",0.721005897312573,240,600,960
"915",92,"NPQ_5",0.634276158990233,300,900,1200
"916",92,"NPQ_6",0.507673072255313,600,1200,1440
"917",92,"NPQ_7",0.42408067359607,900,1500,1680
"918",92,"NPQ_8",0.352697305526966,1500,1800,1920
"919",92,"NPQ_9",0.309729957892418,1800,2100,2160
"920",92,"NPQ_10",0.267447674865322,2400,2400,2400
"921",93,"NPQ_1",1.14032847831793,60,60,240
"922",93,"NPQ_2",0.99683314393121,120,120,480
"923",93,"NPQ_3",0.82677754492006,180,300,720
"924",93,"NPQ_4",0.733246526918226,240,600,960
"925",93,"NPQ_5",0.629598774734657,300,900,1200
"926",93,"NPQ_6",0.497524839910273,600,1200,1440
"927",93,"NPQ_7",0.416162592516875,900,1500,1680
"928",93,"NPQ_8",0.348757777041142,1500,1800,1920
"929",93,"NPQ_9",0.303423435507849,1800,2100,2160
"930",93,"NPQ_10",0.268850252564632,2400,2400,2400
"931",94,"NPQ_1",1.14693535816526,60,60,240
"932",94,"NPQ_2",1.00116326254833,120,120,480
"933",94,"NPQ_3",0.822663354294089,180,300,720
"934",94,"NPQ_4",0.733072391615976,240,600,960
"935",94,"NPQ_5",0.637899622742962,300,900,1200
"936",94,"NPQ_6",0.503453759757425,600,1200,1440
"937",94,"NPQ_7",0.413116427842059,900,1500,1680
"938",94,"NPQ_8",0.346711208274299,1500,1800,1920
"939",94,"NPQ_9",0.300443344553887,1800,2100,2160
"940",94,"NPQ_10",0.276709148454988,2400,2400,2400
"941",95,"NPQ_1",1.14220539210037,60,60,240
"942",95,"NPQ_2",0.999062485926562,120,120,480
"943",95,"NPQ_3",0.825378449034109,180,300,720
"944",95,"NPQ_4",0.733325846398587,240,600,960
"945",95,"NPQ_5",0.62298525587592,300,900,1200
"946",95,"NPQ_6",0.504301937536261,600,1200,1440
"947",95,"NPQ_7",0.410089448378378,900,1500,1680
"948",95,"NPQ_8",0.345675684354427,1500,1800,1920
"949",95,"NPQ_9",0.308499693404362,1800,2100,2160
"950",95,"NPQ_10",0.271654644051268,2400,2400,2400
"951",96,"NPQ_1",1.14773633603524,60,60,240
"952",96,"NPQ_2",1.00559159119734,120,120,480
"953",96,"NPQ_3",0.832533818274134,180,300,720
"954",96,"NPQ_4",0.7322775826697,240,600,960
"955",96,"NPQ_5",0.629258108863075,300,900,1200
"956",96,"NPQ_6",0.503381506167125,600,1200,1440
"957",96,"NPQ_7",0.414731038240465,900,1500,1680
"958",96,"NPQ_8",0.345262161648112,1500,1800,1920
"959",96,"NPQ_9",0.311778217298466,1800,2100,2160
"960",96,"NPQ_10",0.269763632741976,2400,2400,2400
"961",97,"NPQ_1",1.14529213243707,60,60,240
"962",97,"NPQ_2",0.999741833118383,120,120,480
"963",97,"NPQ_3",0.826708319918339,180,300,720
"964",97,"NPQ_4",0.732555942089233,240,600,960
"965",97,"NPQ_5",0.619228992471762,300,900,1200
"966",97,"NPQ_6",0.511606528617906,600,1200,1440
"967",97,"NPQ_7",0.417461625612246,900,1500,1680
"968",97,"NPQ_8",0.348573816932771,1500,1800,1920
"969",97,"NPQ_9",0.29594034366259,1800,2100,2160
"970",97,"NPQ_10",0.263374039993406,2400,2400,2400
"971",98,"NPQ_1",1.13242590668847,60,60,240
"972",98,"NPQ_2",1.00454826903277,120,120,480
"973",98,"NPQ_3",0.827691384997183,180,300,720
"974",98,"NPQ_4",0.727576139412426,240,600,960
"975",98,"NPQ_5",0.62398684641174,300,900,1200
"976",98,"NPQ_6",0.502161546705619,600,1200,1440
"977",98,"NPQ_7",0.419541839720544,900,1500,1680
"978",98,"NPQ_8",0.348527149297917,1500,1800,1920
"979",98,"NPQ_9",0.307780651642247,1800,2100,2160
"980",98,"NPQ_10",0.272747921027319,2400,2400,2400
"981",99,"NPQ_1",1.14140746020285,60,60,240
"982",99,"NPQ_2",0.996463258981389,120,120,480
"983",99,"NPQ_3",0.825799387328591,180,300,720
"984",99,"NPQ_4",0.726370106332708,240,600,960
"985",99,"NPQ_5",0.62212245617985,300,900,1200
"986",99,"NPQ_6",0.503600337247916,600,1200,1440
"987",99,"NPQ_7",0.415521672509997,900,1500,1680
"988",99,"NPQ_8",0.349249396656594,1500,1800,1920
"989",99,"NPQ_9",0.313509603033429,1800,2100,2160
"990",99,"NPQ_10",0.282850847378688,2400,2400,2400
"991",100,"NPQ_1",1.13919147730872,60,60,240
"992",100,"NPQ_2",0.999310368519357,120,120,480
"993",100,"NPQ_3",0.836671397973826,180,300,720
"994",100,"NPQ_4",0.723729265600706,240,600,960
"995",100,"NPQ_5",0.636669014391764,300,900,1200
"996",100,"NPQ_6",0.513073983669263,600,1200,1440
"997",100,"NPQ_7",0.422764602823818,900,1500,1680
"998",100,"NPQ_8",0.352953209311512,1500,1800,1920
"999",100,"NPQ_9",0.296480071543036,1800,2100,2160
"1000",100,"NPQ_10",0.276780669642557,2400,2400,2400
